{
"type": "FeatureCollection",
"name": "jember_kecamatan",
"crs": { "type": "name", "properties": { "name": "urn:ogc:def:crs:OGC:1.3:CRS84" } },
"features": [
{ "type": "Feature", "properties": { "KECAMATAN": "SUMBERSARI" }, "geometry": { "type": "Polygon", "coordinates": [ [ [ 113.741630000125511, -8.136579998767111 ], [ 113.741779999848205, -8.136749999412139 ], [ 113.742069999731683, -8.136730000288448 ], [ 113.742472725137162, -8.136553192674921 ], [ 113.742869998852413, -8.136659998859084 ], [ 113.7431800005577, -8.13700000104842 ], [ 113.743540000071988, -8.137769999684917 ], [ 113.743951072085309, -8.137925925040566 ], [ 113.744247366323961, -8.137864787329228 ], [ 113.744505041875158, -8.137613809029219 ], [ 113.744593013557733, -8.137486798676051 ], [ 113.74503411843088, -8.137767157827323 ], [ 113.745400834082247, -8.138001137141913 ], [ 113.745843742995348, -8.13825864272135 ], [ 113.746159504858312, -8.138424177333057 ], [ 113.746522535087919, -8.13868018913859 ], [ 113.747135674872553, -8.138934504822746 ], [ 113.747321696040444, -8.139044017966189 ], [ 113.747616670973727, -8.139242649427867 ], [ 113.748018648143145, -8.139362383366542 ], [ 113.748214498900978, -8.13955490933078 ], [ 113.748382307898254, -8.139710698888834 ], [ 113.748531402902955, -8.139838923326835 ], [ 113.748689446162047, -8.13992092980622 ], [ 113.748889723383087, -8.140042177303862 ], [ 113.748709546909168, -8.14015156903891 ], [ 113.748487605020031, -8.14020845655423 ], [ 113.748376509069629, -8.140218440827638 ], [ 113.748245499431306, -8.140348412648322 ], [ 113.748320000168974, -8.14042499981311 ], [ 113.749080000142939, -8.140770000434337 ], [ 113.750000001200235, -8.141219999602487 ], [ 113.750356836899527, -8.141446454289579 ], [ 113.750519999999014, -8.141550000431373 ], [ 113.750760000274752, -8.14171999927775 ], [ 113.751050000158415, -8.141909999945749 ], [ 113.751190001218674, -8.142019999622494 ], [ 113.75169999955645, -8.142319999967238 ], [ 113.752210000592072, -8.142589999827841 ], [ 113.752409999922605, -8.142689999942696 ], [ 113.753220000403772, -8.143169999594988 ], [ 113.753700000056071, -8.143599999639449 ], [ 113.753818013591541, -8.143718012275645 ], [ 113.754022754147883, -8.143913114797606 ], [ 113.754181738097799, -8.143825299597072 ], [ 113.754422143068481, -8.143759050139241 ], [ 113.754616483864652, -8.143730037110728 ], [ 113.754809258941265, -8.143735586827059 ], [ 113.754894172928744, -8.143571653008539 ], [ 113.755069630659932, -8.143616187436329 ], [ 113.755236941432727, -8.143698130063857 ], [ 113.755376395705213, -8.14377103090753 ], [ 113.755534376911015, -8.143843804946769 ], [ 113.755738863858483, -8.143943954349229 ], [ 113.755895585114189, -8.143832120055492 ], [ 113.756043797883976, -8.143831111915432 ], [ 113.756215898446044, -8.143936097871805 ], [ 113.756221571369423, -8.144088369282041 ], [ 113.756211271434026, -8.144275365315099 ], [ 113.75631717469885, -8.144521572711614 ], [ 113.756336395009697, -8.144622982963455 ], [ 113.756420397984058, -8.14471472100675 ], [ 113.756550653990573, -8.144796913645845 ], [ 113.756754574365118, -8.144813989073583 ], [ 113.756773986231536, -8.144943090350541 ], [ 113.756996812154142, -8.14501542282273 ], [ 113.757182458304868, -8.145069546721427 ], [ 113.757455071595388, -8.145160855788045 ], [ 113.757776893989529, -8.145296276601098 ], [ 113.758129661155948, -8.145404647605535 ], [ 113.758481921104803, -8.145439177075573 ], [ 113.758825300248418, -8.145529148850315 ], [ 113.759104021734302, -8.145647254116682 ], [ 113.759493653010708, -8.145727681386592 ], [ 113.759679110303779, -8.14575410976359 ], [ 113.759873261343017, -8.145697404810591 ], [ 113.759958150149586, -8.145918369136627 ], [ 113.760069562661243, -8.145954533574027 ], [ 113.759885877032588, -8.146186555963951 ], [ 113.759840763441503, -8.146362249317594 ], [ 113.759731564161399, -8.146649151036687 ], [ 113.759718084223252, -8.146762917074167 ], [ 113.75971506160181, -8.146944652073216 ], [ 113.759595715271033, -8.147102388663495 ], [ 113.759550283319939, -8.14723193060831 ], [ 113.759440197308351, -8.147389606044662 ], [ 113.759394830108391, -8.147528378630973 ], [ 113.759368114847717, -8.147685485695842 ], [ 113.759350727355212, -8.147851760449541 ], [ 113.759342096561539, -8.147944127118965 ], [ 113.759370836196211, -8.148082396084931 ], [ 113.759288289224187, -8.148202958299098 ], [ 113.759190251430041, -8.148331171945287 ], [ 113.758628542074575, -8.149423536166498 ], [ 113.758797364607773, -8.149563241349743 ], [ 113.758872232268814, -8.149673502729147 ], [ 113.758836695558088, -8.149895286337603 ], [ 113.758733603573972, -8.149975185705436 ], [ 113.758759999575275, -8.150249998737678 ], [ 113.758230001214699, -8.150139999960214 ], [ 113.758150000223353, -8.150220000052187 ], [ 113.757929999970585, -8.150499998575309 ], [ 113.757709999717818, -8.150599999589534 ], [ 113.757430000295329, -8.150639999635477 ], [ 113.757099998567156, -8.150639999635477 ], [ 113.75688999967484, -8.150610000050705 ], [ 113.756619998914857, -8.150679999681419 ], [ 113.756490000114425, -8.150839998965996 ], [ 113.756429999146235, -8.151269999909736 ], [ 113.756379998639119, -8.151509999286287 ], [ 113.756289998985267, -8.15155999979331 ], [ 113.756129999700775, -8.151519998848087 ], [ 113.756020000024023, -8.151410000070623 ], [ 113.755890000324229, -8.151219999402624 ], [ 113.755719999679286, -8.151080000141107 ], [ 113.755589999979478, -8.151040000095165 ], [ 113.755489999864622, -8.151080000141107 ], [ 113.755249999588884, -8.15135000000171 ], [ 113.755170000396191, -8.151609999401142 ], [ 113.755030000235394, -8.151939999330658 ], [ 113.754950000143509, -8.152069999929743 ], [ 113.754850000028569, -8.152109999975686 ], [ 113.754669998922367, -8.152059998569293 ], [ 113.754410000422212, -8.151820000092112 ], [ 113.754319998969791, -8.151749998662659 ], [ 113.75422000065349, -8.151719999977256 ], [ 113.754095000285133, -8.151759999123829 ], [ 113.75386999890236, -8.151929999768857 ], [ 113.753820000193897, -8.152089999952715 ], [ 113.753780000147955, -8.152679999281752 ], [ 113.753740000102013, -8.152829999903719 ], [ 113.753601222119755, -8.152934083840123 ], [ 113.753390000149437, -8.153059998819099 ], [ 113.753240000426743, -8.153249998587729 ], [ 113.753180001257107, -8.153469999739869 ], [ 113.753279999573323, -8.1537100000157 ], [ 113.753295000265126, -8.153799999669474 ], [ 113.753310000057468, -8.153899998885048 ], [ 113.753440000656639, -8.154089998653678 ], [ 113.753979998579098, -8.154379999436621 ], [ 113.754102559986251, -8.154455421080041 ], [ 113.75410499984693, -8.154654998628484 ], [ 113.753920001208115, -8.154750000311449 ], [ 113.753590000379319, -8.154739999850367 ], [ 113.753330000080524, -8.154739999850367 ], [ 113.753120000288831, -8.154809998581712 ], [ 113.752869999551919, -8.154880000011165 ], [ 113.752580000567633, -8.154904997566835 ], [ 113.752437956247675, -8.154914075323514 ], [ 113.752249998839375, -8.154940000080167 ], [ 113.752039999947144, -8.155009999710881 ], [ 113.751847043207491, -8.155228671665025 ], [ 113.751499430055716, -8.155193538749959 ], [ 113.751413766932814, -8.15536720143437 ], [ 113.751328006683238, -8.155526440791803 ], [ 113.751038714566135, -8.155557251565114 ], [ 113.750793831870851, -8.155731997033254 ], [ 113.750519606095963, -8.155849246145007 ], [ 113.750201365701486, -8.155880253869839 ], [ 113.749794896418365, -8.155709933066156 ], [ 113.749677916203964, -8.155537646344467 ], [ 113.749431850900265, -8.155539317284919 ], [ 113.749302764012427, -8.155713274047603 ], [ 113.749185456444678, -8.155837843640732 ], [ 113.749189038444442, -8.15601693733101 ], [ 113.749190715680044, -8.156262123097722 ], [ 113.749177621551055, -8.156464139607554 ], [ 113.749166062564754, -8.156671044832063 ], [ 113.749165513078964, -8.156810383991207 ], [ 113.74918117117511, -8.156983357794932 ], [ 113.749196433569665, -8.157098640988679 ], [ 113.749197913853649, -8.157314981900086 ], [ 113.749213669975916, -8.157502379030788 ], [ 113.749186398034951, -8.157747761749022 ], [ 113.749231991864022, -8.158064767374327 ], [ 113.749218799708828, -8.158252358758531 ], [ 113.74913313388808, -8.158426022342312 ], [ 113.749091488082698, -8.158685926413554 ], [ 113.749020593626611, -8.158902758354845 ], [ 113.748993124733943, -8.159119295318405 ], [ 113.74883637020335, -8.159480945088713 ], [ 113.748751493987328, -8.159769988992991 ], [ 113.748704908206051, -8.159898679279863 ], [ 113.748652045156831, -8.160044707596413 ], [ 113.74846890631602, -8.160781546430449 ], [ 113.748319802318079, -8.161509157320921 ], [ 113.748058509693465, -8.162154554887955 ], [ 113.74795695734872, -8.162463562842291 ], [ 113.747749061071275, -8.163096147768243 ], [ 113.747138502341045, -8.165005121588329 ], [ 113.746952361563316, -8.165508294971023 ], [ 113.746746609269621, -8.166217330364709 ], [ 113.746598676188995, -8.166707840393748 ], [ 113.746500704944623, -8.167198901707138 ], [ 113.746501898344945, -8.167373231688522 ], [ 113.746619999114728, -8.167350000401406 ], [ 113.746880001212176, -8.167230001162771 ], [ 113.747170000196476, -8.167079998742153 ], [ 113.74758000021788, -8.167099999664494 ], [ 113.748150000423308, -8.167209999341239 ], [ 113.748310000607162, -8.167209999341239 ], [ 113.748620001412988, -8.167119998788095 ], [ 113.748830000305404, -8.167079998742153 ], [ 113.749390000049488, -8.166980000425859 ], [ 113.749599998941903, -8.166859999388663 ], [ 113.749847186599439, -8.166642362554153 ], [ 113.750296129963431, -8.16668059543235 ], [ 113.750717786097979, -8.166785239646266 ], [ 113.750822556217045, -8.167020496897635 ], [ 113.750926972902562, -8.167242022400643 ], [ 113.751191619998266, -8.167252291759073 ], [ 113.751103174373043, -8.167545817884346 ], [ 113.75121000124156, -8.167729999938754 ], [ 113.751329999580904, -8.168309999705901 ], [ 113.751343597330234, -8.16842330888776 ], [ 113.75139000144847, -8.168809999381164 ], [ 113.751460000179904, -8.169379999586511 ], [ 113.751460000179904, -8.169829999653942 ], [ 113.751460000179904, -8.170339999790375 ], [ 113.751309999557847, -8.170569999605036 ], [ 113.751219999904166, -8.170699999304663 ], [ 113.751020000573561, -8.171249998587758 ], [ 113.750749998914301, -8.172070000429386 ], [ 113.750704884423939, -8.172208461850204 ], [ 113.750581321172035, -8.172587669084884 ], [ 113.750459999930101, -8.172960000103078 ], [ 113.750350000253349, -8.173279999571513 ], [ 113.75037000027632, -8.173789999707946 ], [ 113.750419999884159, -8.17450999963598 ], [ 113.750459999030824, -8.175210000440323 ], [ 113.750539999122708, -8.17579999976936 ], [ 113.750669999721694, -8.176389999997678 ], [ 113.750736702437933, -8.176573431118104 ], [ 113.751040000596618, -8.177190000017685 ], [ 113.751400000110991, -8.177689998793578 ], [ 113.751500803320511, -8.177808182301003 ], [ 113.751956152555437, -8.178342039652573 ], [ 113.752469999991604, -8.178939999780386 ], [ 113.752869999551919, -8.179460000377901 ], [ 113.753141834928797, -8.179787799666414 ], [ 113.752933134657511, -8.180000206043879 ], [ 113.752656582336471, -8.180378051704949 ], [ 113.753014469343427, -8.180553302592084 ], [ 113.75331209367927, -8.18075199790562 ], [ 113.753632076060484, -8.180913481071482 ], [ 113.75353000031032, -8.181069999979716 ], [ 113.753396667723123, -8.181435214662567 ], [ 113.753314281729814, -8.181624688327858 ], [ 113.75316027822528, -8.181847689618358 ], [ 113.753050040228246, -8.18196938228035 ], [ 113.752992075325054, -8.182101760686898 ], [ 113.752948254059675, -8.182201838143531 ], [ 113.752716629170195, -8.182345047984761 ], [ 113.752407292963227, -8.182463039037245 ], [ 113.752357374294476, -8.182720891755 ], [ 113.752319845585447, -8.182901406373986 ], [ 113.752707421011692, -8.182885888572098 ], [ 113.752976824621783, -8.182887618867738 ], [ 113.753147925137668, -8.183050266655687 ], [ 113.753149414414992, -8.183267125576641 ], [ 113.753085877312387, -8.183424085152556 ], [ 113.753074106086174, -8.183591548810075 ], [ 113.753036666410011, -8.183784938123615 ], [ 113.752923463348239, -8.184236357321282 ], [ 113.752857021435474, -8.184384687002886 ], [ 113.752796185896287, -8.184520490027801 ], [ 113.752642180593199, -8.1846760475607 ], [ 113.752655987884594, -8.184804710867908 ], [ 113.752760338020238, -8.184945631035266 ], [ 113.752787332970072, -8.185112829392736 ], [ 113.752788660369418, -8.185305956104159 ], [ 113.752711745851457, -8.185396608665794 ], [ 113.752609429982272, -8.185551813664425 ], [ 113.752603225559511, -8.185678776353676 ], [ 113.752604606018821, -8.185790045873052 ], [ 113.752856542996142, -8.185781890820774 ], [ 113.753050730907574, -8.185832067594976 ], [ 113.753141718016892, -8.185908702423859 ], [ 113.753279763051665, -8.185964661838828 ], [ 113.753319999619265, -8.186209999590986 ], [ 113.753340001440975, -8.186719999727419 ], [ 113.753350000103495, -8.18715999933368 ], [ 113.753359999665378, -8.187459999678424 ], [ 113.753484946074423, -8.18801745344193 ], [ 113.753479998903927, -8.188150000021686 ], [ 113.753408336426645, -8.189121430608768 ], [ 113.753390000149437, -8.189369999624983 ], [ 113.753400000610512, -8.189619998563245 ], [ 113.753420000633582, -8.189879999761416 ], [ 113.753503951447257, -8.190459262983783 ], [ 113.753517890938951, -8.190555444577317 ], [ 113.753639999987058, -8.191299998695143 ], [ 113.753720000078943, -8.191819999292747 ], [ 113.753760000124984, -8.192139999660462 ], [ 113.753770000586059, -8.192430000443405 ], [ 113.753879999363534, -8.192640001134375 ], [ 113.753727275594343, -8.192680976045395 ], [ 113.753457353974795, -8.192685403407872 ], [ 113.753260934845301, -8.192831682635269 ], [ 113.753211192443544, -8.193152952845704 ], [ 113.753245039328135, -8.193460940069517 ], [ 113.753132750876802, -8.193808746575602 ], [ 113.752841911925742, -8.193849100954463 ], [ 113.752509137587694, -8.193809960660346 ], [ 113.752322610101345, -8.19388370326952 ], [ 113.752147040854297, -8.194040190701422 ], [ 113.751846578257982, -8.194166474402518 ], [ 113.751530739952699, -8.194220557831631 ], [ 113.75125475600332, -8.194232629431529 ], [ 113.751006241845616, -8.194358557000967 ], [ 113.750924685027258, -8.194586872385432 ], [ 113.750912074733463, -8.194789246825483 ], [ 113.750379998938755, -8.195409999371204 ], [ 113.750199999631377, -8.195729999738919 ], [ 113.749973392958765, -8.196117249610555 ], [ 113.749819608888828, -8.19641361489558 ], [ 113.749514936566086, -8.196594550397361 ], [ 113.7493601983156, -8.196879461017524 ], [ 113.749289194142051, -8.197010196362651 ], [ 113.749093980104135, -8.197332459424665 ], [ 113.748960043172445, -8.197499016565544 ], [ 113.748753870895513, -8.197738533905373 ], [ 113.748402446416748, -8.198010100385076 ], [ 113.74817584603953, -8.198301520298077 ], [ 113.748116765977002, -8.198403170668954 ], [ 113.747569997958053, -8.198690000442397 ], [ 113.747279028605348, -8.198932475652441 ], [ 113.747210000242418, -8.199069999979745 ], [ 113.747210000242418, -8.199259998849094 ], [ 113.747189999320071, -8.199439999955203 ], [ 113.747176977136832, -8.199628842296434 ], [ 113.746930970289142, -8.199805318060125 ], [ 113.746702097324913, -8.200071522781769 ], [ 113.746578328128422, -8.200277261585541 ], [ 113.746176443589093, -8.200696267417971 ], [ 113.745836400030797, -8.201112691296906 ], [ 113.745495572263806, -8.201415243018271 ], [ 113.745154319117532, -8.201655680364571 ], [ 113.744967787134698, -8.201729420275726 ], [ 113.744675570422274, -8.201545062853508 ], [ 113.744310407900002, -8.201330143770267 ], [ 113.744070786238822, -8.201238602678583 ], [ 113.743895565928739, -8.20144684879218 ], [ 113.743803613846794, -8.201675236122473 ], [ 113.743763261266494, -8.201851506840761 ], [ 113.743770770605607, -8.202011221939507 ], [ 113.743720975143887, -8.202108548369978 ], [ 113.743882884588501, -8.202627145125827 ], [ 113.743940258637025, -8.202794797640987 ], [ 113.744158582553581, -8.203432775801154 ], [ 113.744569078101534, -8.204196078085733 ], [ 113.745051242421908, -8.204803599805508 ], [ 113.745370841692079, -8.204982672811266 ], [ 113.745562375704097, -8.205089989810375 ], [ 113.745659375680688, -8.205596607596497 ], [ 113.745646979425644, -8.205787941059882 ], [ 113.745307871162396, -8.205857822879413 ], [ 113.744571056610084, -8.205997431835186 ], [ 113.743398970187414, -8.206305648386135 ], [ 113.742439890889301, -8.206513279363524 ], [ 113.74196710919577, -8.206615632104917 ], [ 113.741021961295559, -8.206661028083182 ], [ 113.740919590567756, -8.206606157747174 ], [ 113.739582888640484, -8.206533193051555 ], [ 113.739389327556523, -8.206613450349696 ], [ 113.739060000319839, -8.206749999811834 ], [ 113.73834462290715, -8.207057612917666 ], [ 113.737701965574288, -8.207719960906655 ], [ 113.737044089014574, -8.208486747164876 ], [ 113.736736264568009, -8.209058242043497 ], [ 113.736454063605152, -8.209577796577292 ], [ 113.736055053299111, -8.21011109005396 ], [ 113.735799001923368, -8.210656350809174 ], [ 113.735669209067879, -8.211159192342031 ], [ 113.735949856002108, -8.211820010584201 ], [ 113.736354809028327, -8.212153721116564 ], [ 113.736682361902581, -8.212565603419051 ], [ 113.736593303838987, -8.212837969396023 ], [ 113.736334508631671, -8.212982078559293 ], [ 113.73584049394465, -8.212920734903182 ], [ 113.735033954054757, -8.212745046046209 ], [ 113.734330436901246, -8.212439245074286 ], [ 113.734027076689273, -8.212281119077634 ], [ 113.733717754871606, -8.212119885023881 ], [ 113.73329857457064, -8.21160509329961 ], [ 113.732994610014359, -8.210843640920505 ], [ 113.732769208433311, -8.210516869557026 ], [ 113.731929998871379, -8.210189999268234 ], [ 113.731838453283032, -8.210162873916758 ], [ 113.731393199837356, -8.210298051912755 ], [ 113.731163128076872, -8.210479970373495 ], [ 113.731120882423852, -8.210364605341478 ], [ 113.731092730046527, -8.210122551913422 ], [ 113.73108000014291, -8.209949999891773 ], [ 113.731160001134171, -8.209829999753858 ], [ 113.731450000118457, -8.209519999847313 ], [ 113.731869999701757, -8.208969999664937 ], [ 113.732077521861214, -8.20855956886821 ], [ 113.732095000185154, -8.208524999828047 ], [ 113.731160001134171, -8.20839999856031 ], [ 113.730710000167363, -8.2081800001061 ], [ 113.728886917897952, -8.207569123915135 ], [ 113.728800001120263, -8.20753999937067 ], [ 113.728618457676703, -8.207498811320278 ], [ 113.728532599401007, -8.207409425004151 ], [ 113.728161269328183, -8.207443830367687 ], [ 113.727597758630708, -8.207405771958019 ], [ 113.727400938403662, -8.207392479078866 ], [ 113.726175336923347, -8.207310372774621 ], [ 113.725867685146582, -8.207272242419304 ], [ 113.725650086083647, -8.207245271751116 ], [ 113.725051432578653, -8.207171071387041 ], [ 113.724211320097467, -8.2070637480927 ], [ 113.723475940863068, -8.207000917857286 ], [ 113.723055467336934, -8.207229780928891 ], [ 113.722739647917436, -8.207491839775781 ], [ 113.722361986617429, -8.207776553444333 ], [ 113.721982628296672, -8.207926396685082 ], [ 113.721586179259788, -8.208008183729863 ], [ 113.720996828342024, -8.208079973910863 ], [ 113.720645286951452, -8.208093650800528 ], [ 113.72034073243988, -8.208344331424964 ], [ 113.719960610594768, -8.208610123357694 ], [ 113.719776373681754, -8.208754980756925 ], [ 113.719314022325264, -8.209153639428067 ], [ 113.71881856332709, -8.209688132600455 ], [ 113.718385311334131, -8.210084417061434 ], [ 113.718290000284327, -8.210130000098601 ], [ 113.718086004366654, -8.210228353554914 ], [ 113.717895790559368, -8.210320064618458 ], [ 113.717767546336319, -8.210260281286129 ], [ 113.716633417599169, -8.210019876315442 ], [ 113.716165855570779, -8.209920764730725 ], [ 113.715370565300432, -8.209734015111934 ], [ 113.715211844851822, -8.209746387085335 ], [ 113.71505891333922, -8.209848596834533 ], [ 113.71496587397705, -8.209950945978537 ], [ 113.714866015954925, -8.210066776859424 ], [ 113.714671700339778, -8.210382887659271 ], [ 113.714470221624552, -8.210779781860687 ], [ 113.714279701148357, -8.211120098812728 ], [ 113.714045190334303, -8.211664131093997 ], [ 113.713777418993828, -8.212321397014087 ], [ 113.71362720793033, -8.212642040397043 ], [ 113.713481595100617, -8.212779086285014 ], [ 113.713359998666093, -8.212820000042107 ], [ 113.713235813083301, -8.212816731905857 ], [ 113.712770528138421, -8.212712423138989 ], [ 113.711555473907055, -8.212517195611245 ], [ 113.7103280800779, -8.212175133974451 ], [ 113.710124317983954, -8.212092535741132 ], [ 113.709817043023094, -8.212088167733931 ], [ 113.708036538256721, -8.212145361018795 ], [ 113.707435678714688, -8.212194608793364 ], [ 113.706989167117385, -8.212177992919266 ], [ 113.706664140438747, -8.212165897937005 ], [ 113.706210275085184, -8.212146346675773 ], [ 113.705517523715756, -8.212026694575545 ], [ 113.704506772070886, -8.211849848291084 ], [ 113.704381715045173, -8.211808310404443 ], [ 113.703779706169627, -8.211688044067198 ], [ 113.703075304982377, -8.211523260389384 ], [ 113.702518820688084, -8.211425289145023 ], [ 113.701939344326348, -8.211282262765394 ], [ 113.701290664233866, -8.210970189022191 ], [ 113.700584735997822, -8.210579386828474 ], [ 113.700242772387156, -8.210333055325457 ], [ 113.699901267430661, -8.21015452910747 ], [ 113.699525343620707, -8.210084319035314 ], [ 113.699163222605677, -8.210046468368979 ], [ 113.698709510136837, -8.210049511674853 ], [ 113.698233189611045, -8.210064006947569 ], [ 113.697994737967818, -8.210156686580959 ], [ 113.697690947879977, -8.210395374745925 ], [ 113.697492475598352, -8.210603502149148 ], [ 113.697398097145566, -8.210702470741669 ], [ 113.697218061865101, -8.210918400662901 ], [ 113.696968596224778, -8.21093137428268 ], [ 113.696865340564045, -8.211067344581434 ], [ 113.695390000049571, -8.211329999678927 ], [ 113.695105561573428, -8.211461279113983 ], [ 113.694739997953519, -8.211630000023671 ], [ 113.694520000398683, -8.211750000161587 ], [ 113.694039998947829, -8.211939999930216 ], [ 113.693760000424703, -8.212060000068131 ], [ 113.693359999065734, -8.21225999939865 ], [ 113.693220000703491, -8.212419999582508 ], [ 113.693100000565664, -8.212650000296449 ], [ 113.692862960858079, -8.212953433353441 ], [ 113.692705000336531, -8.213084999672258 ], [ 113.692295098341248, -8.213378952076187 ], [ 113.692209999992514, -8.213439999855286 ], [ 113.692009998863441, -8.213589999577973 ], [ 113.69171000121662, -8.213660000108145 ], [ 113.691420000433681, -8.213709998816608 ], [ 113.69122509396405, -8.21374182312584 ], [ 113.690930000320307, -8.213789999807862 ], [ 113.690509999837644, -8.214050000106663 ], [ 113.690219999954166, -8.214239998976012 ], [ 113.690000000600591, -8.214270000359434 ], [ 113.689649998849362, -8.214250000336463 ], [ 113.689310001156599, -8.214270000359434 ], [ 113.689099999566352, -8.214360000013208 ], [ 113.688907853116049, -8.214488851278688 ], [ 113.688249999938606, -8.214929999319185 ], [ 113.688140001161145, -8.215059999918271 ], [ 113.688069999731781, -8.215149998672675 ], [ 113.68789999998603, -8.21546999993976 ], [ 113.687580001417047, -8.216179999406624 ], [ 113.687449999918599, -8.216519999797399 ], [ 113.687220343644952, -8.216799262675021 ], [ 113.687003574656245, -8.216852101442516 ], [ 113.686708806567282, -8.21687667271944 ], [ 113.686444244907051, -8.216934398402962 ], [ 113.686314536587687, -8.217286152932822 ], [ 113.68597884125154, -8.217454354034402 ], [ 113.685861573254087, -8.217402191557042 ], [ 113.685814146606589, -8.217097374443448 ], [ 113.685462661873444, -8.217122324335023 ], [ 113.685234640567259, -8.217258457411123 ], [ 113.685021041688756, -8.217238287416293 ], [ 113.684214159157122, -8.217017648644774 ], [ 113.683726143847451, -8.216794054701058 ], [ 113.683790000209342, -8.216529999359199 ], [ 113.683978723840113, -8.216252315691051 ], [ 113.684587881426609, -8.214301079130635 ], [ 113.68454725005661, -8.214167498330614 ], [ 113.684727296128798, -8.214041982650631 ], [ 113.684844627978279, -8.214012814938652 ], [ 113.685101007606477, -8.213949077287317 ], [ 113.68559979769357, -8.213900542675077 ], [ 113.685985230934804, -8.213864065273622 ], [ 113.686153491391565, -8.213884416032123 ], [ 113.686427990560304, -8.213917615404796 ], [ 113.686881711123107, -8.213914584689562 ], [ 113.687369065431042, -8.213852706836143 ], [ 113.687367633710437, -8.213640108003826 ], [ 113.687432497312926, -8.213165021347855 ], [ 113.68746401495342, -8.212791868349221 ], [ 113.687583616691626, -8.212022583774424 ], [ 113.688264800980861, -8.212108442949482 ], [ 113.688944617401262, -8.211990888068186 ], [ 113.689471174056521, -8.211865390374705 ], [ 113.689578831898629, -8.211839731817381 ], [ 113.69033812230758, -8.211732942720349 ], [ 113.690925062142895, -8.211435642140373 ], [ 113.691003546877241, -8.211163431746147 ], [ 113.691389967573926, -8.211273860399569 ], [ 113.691596809845947, -8.210890138568192 ], [ 113.691668967849608, -8.210593919872665 ], [ 113.691836522338647, -8.210208556778696 ], [ 113.692718447899054, -8.209282392667514 ], [ 113.69280754193565, -8.209188829899759 ], [ 113.692962885429893, -8.209025693779946 ], [ 113.693593633940026, -8.208596602950056 ], [ 113.693777279998471, -8.208681206671507 ], [ 113.694467769572967, -8.208986335849964 ], [ 113.694852940212087, -8.208391476584563 ], [ 113.694957818249804, -8.208229957445788 ], [ 113.695814379331154, -8.206910792298359 ], [ 113.696352986901886, -8.207115698330057 ], [ 113.696989324698649, -8.207280952353234 ], [ 113.69741299801251, -8.207402583861388 ], [ 113.697489997966031, -8.207349998702671 ], [ 113.69758000121719, -8.207420000132124 ], [ 113.698000190557394, -8.207357749060094 ], [ 113.698389999899632, -8.207299999994209 ], [ 113.698770654143487, -8.207250608328074 ], [ 113.698883939043611, -8.207324760128774 ], [ 113.699157844659936, -8.207571547588042 ], [ 113.699374881646548, -8.207796117296205 ], [ 113.699823485966107, -8.207863870420471 ], [ 113.700214165852145, -8.207779185760032 ], [ 113.700598597248458, -8.20759578971315 ], [ 113.701449680559307, -8.20764658612023 ], [ 113.702403077940701, -8.207730592691885 ], [ 113.702556949244851, -8.207285338346846 ], [ 113.702830907921125, -8.206484456091932 ], [ 113.703001976061401, -8.205714971867682 ], [ 113.703091096178198, -8.2057256738 ], [ 113.703444874182694, -8.205791105774061 ], [ 113.704138301842249, -8.206012472097111 ], [ 113.704381713246534, -8.205728813333256 ], [ 113.704577224060728, -8.205500972790823 ], [ 113.705037451218445, -8.204785911040211 ], [ 113.705192652619871, -8.204253715635666 ], [ 113.705294738262651, -8.20425302855363 ], [ 113.705793733395154, -8.204238376798887 ], [ 113.706202522929203, -8.204303435554337 ], [ 113.706587864439456, -8.204255641983458 ], [ 113.707075058668153, -8.204173258688073 ], [ 113.707619653025674, -8.204192199309766 ], [ 113.707662681088919, -8.204086590123215 ], [ 113.707753543192538, -8.203863568148371 ], [ 113.70792352944845, -8.203839822449009 ], [ 113.708774065072163, -8.203811500999201 ], [ 113.709005518191134, -8.202815448773169 ], [ 113.709026912163239, -8.202611064348318 ], [ 113.709076429734537, -8.202137955301534 ], [ 113.709240000226799, -8.202200000428881 ], [ 113.709560000594593, -8.202230000013653 ], [ 113.710050000708065, -8.202299998745175 ], [ 113.710629999575843, -8.202469999390114 ], [ 113.711039998698055, -8.202539999920287 ], [ 113.711420000034053, -8.202549998582718 ], [ 113.711537875973278, -8.202499480965429 ], [ 113.711786957603096, -8.202431505708628 ], [ 113.712006826554926, -8.202139789019245 ], [ 113.712130137097247, -8.201924240410595 ], [ 113.712206162185694, -8.201426481845917 ], [ 113.712250611177822, -8.201290570002982 ], [ 113.712486808220632, -8.200995151704092 ], [ 113.712610195205357, -8.200790903076925 ], [ 113.712767531597365, -8.200575122443119 ], [ 113.713403473692438, -8.200683848679844 ], [ 113.713479648967677, -8.200208693675435 ], [ 113.713667715193992, -8.199506762925999 ], [ 113.713707922084083, -8.198797842645476 ], [ 113.713718370407534, -8.198613639906725 ], [ 113.713377638868025, -8.198548127892956 ], [ 113.713308130267009, -8.198333876106688 ], [ 113.713349667254462, -8.197768543382765 ], [ 113.713252875021212, -8.197748824847604 ], [ 113.712759024010808, -8.197648208697082 ], [ 113.712188843940993, -8.197499659580874 ], [ 113.711054768264063, -8.197230237984286 ], [ 113.710910962172221, -8.197214605069146 ], [ 113.710317458185116, -8.197175700397484 ], [ 113.709048945553462, -8.196968655778079 ], [ 113.708534248258019, -8.196874246748241 ], [ 113.705383621857621, -8.196535432563355 ], [ 113.704437829143529, -8.19663052867514 ], [ 113.703870559279906, -8.196611732844381 ], [ 113.703314401439599, -8.196558957928744 ], [ 113.702589281671095, -8.196476021550357 ], [ 113.702474378890557, -8.19646288065665 ], [ 113.701736361045235, -8.196354816320948 ], [ 113.701123110644019, -8.196245915615695 ], [ 113.700315799135893, -8.196096739672008 ], [ 113.700617318435548, -8.195151050379888 ], [ 113.701049922017305, -8.193805356131499 ], [ 113.701438894989977, -8.192616130429229 ], [ 113.701630543216069, -8.191906300934225 ], [ 113.701680380046554, -8.191698007156532 ], [ 113.70145532740257, -8.191689325101457 ], [ 113.700826028599366, -8.191587550624167 ], [ 113.700717241208707, -8.191569955388321 ], [ 113.700104379314681, -8.191517553691384 ], [ 113.699389206947487, -8.191431931937341 ], [ 113.699230008059459, -8.191441980062518 ], [ 113.698788297043251, -8.191469856347975 ], [ 113.698232525911379, -8.191473575044615 ], [ 113.697231477951391, -8.191469309560205 ], [ 113.696963732691202, -8.191467189858102 ], [ 113.696451636235111, -8.191462883904197 ], [ 113.696010391067688, -8.191465833680443 ], [ 113.695612307063357, -8.191468494774455 ], [ 113.695165878203696, -8.191441837070322 ], [ 113.69476125522884, -8.191417675884203 ], [ 113.69387495806393, -8.191186271328508 ], [ 113.693181103226351, -8.190897073640222 ], [ 113.692418736236718, -8.190540523925225 ], [ 113.692224922443259, -8.190419473379194 ], [ 113.691982136967098, -8.19029567360565 ], [ 113.691710855572495, -8.190233983710591 ], [ 113.691697100441871, -8.19009367058565 ], [ 113.691867299837071, -8.189804314616598 ], [ 113.692008987126087, -8.189549370306402 ], [ 113.692276638856811, -8.189071334773466 ], [ 113.692497453895427, -8.188736486598767 ], [ 113.692542545902796, -8.18861729764939 ], [ 113.692654004279902, -8.1883226923376 ], [ 113.692775577332057, -8.188045161554179 ], [ 113.692868415246309, -8.187918471359577 ], [ 113.693066863246116, -8.188113563089637 ], [ 113.693206025238979, -8.188265299403284 ], [ 113.693350000403214, -8.187959999353687 ], [ 113.693417900117069, -8.187776418046464 ], [ 113.693481328401646, -8.187604929922763 ], [ 113.693620001163097, -8.187229999863764 ], [ 113.693780000447759, -8.186819999842363 ], [ 113.693805902721238, -8.186733655932741 ], [ 113.693889997426481, -8.186676985153916 ], [ 113.693888708697983, -8.186485294659771 ], [ 113.693887945173628, -8.186371864968798 ], [ 113.693917771189248, -8.185972128010508 ], [ 113.693762898040362, -8.185964447800263 ], [ 113.693581496689717, -8.185937683076848 ], [ 113.693210898665171, -8.185882293832012 ], [ 113.693027254405379, -8.185860878276106 ], [ 113.69276999883742, -8.185489999662952 ], [ 113.692609999552928, -8.185370000424406 ], [ 113.692433843048434, -8.185096650589195 ], [ 113.692319999669266, -8.184919998558236 ], [ 113.6921499999236, -8.184310000105597 ], [ 113.692069998932354, -8.184019999322654 ], [ 113.69256999860761, -8.183689999393138 ], [ 113.692900000335868, -8.183490000062619 ], [ 113.693060857573528, -8.183280779983225 ], [ 113.693100000565664, -8.182859999788359 ], [ 113.693036218847539, -8.182413534955877 ], [ 113.693170000196474, -8.182189998568788 ], [ 113.693350019288999, -8.182111240440591 ], [ 113.693490000564097, -8.182050001105832 ], [ 113.69370000035579, -8.182050001105832 ], [ 113.694000000700527, -8.182119999837354 ], [ 113.694143196152567, -8.18221546287252 ], [ 113.694240000077002, -8.182280000021212 ], [ 113.69448000035274, -8.182589999927757 ], [ 113.694659999660288, -8.182690000042701 ], [ 113.694817008699033, -8.182685993562931 ], [ 113.695089999704834, -8.182529999858755 ], [ 113.695379999588312, -8.182369999674986 ], [ 113.695519998849932, -8.182349999651926 ], [ 113.695820738437376, -8.182349999651926 ], [ 113.696210000092464, -8.182329998729674 ], [ 113.696470000391272, -8.182250000436351 ], [ 113.69669000064404, -8.182089999353213 ], [ 113.697080000642558, -8.18178999990775 ], [ 113.697450000618105, -8.181279999771405 ], [ 113.69776000142393, -8.180899999334688 ], [ 113.698079999993084, -8.180599999889314 ], [ 113.69877000123563, -8.180229999913767 ], [ 113.698978304006573, -8.180065960874614 ], [ 113.699570001255552, -8.179599999639507 ], [ 113.699674960232343, -8.179510589041648 ], [ 113.699840000216867, -8.179369999824846 ], [ 113.700103455711002, -8.179194363128548 ], [ 113.700230000215385, -8.179110000425414 ], [ 113.70045727238633, -8.179010568681953 ], [ 113.701030000235392, -8.178759999573558 ], [ 113.701504266709577, -8.178565023855942 ], [ 113.701712446273376, -8.178479438974094 ], [ 113.701930001269631, -8.178389998698641 ], [ 113.7022489710142, -8.178260152783022 ], [ 113.703060001219143, -8.177929999968779 ], [ 113.703466011847993, -8.177791478293315 ], [ 113.703892268014812, -8.177646048925212 ], [ 113.7045100006371, -8.177389999348204 ], [ 113.704672586371757, -8.177327062992788 ], [ 113.704820001442926, -8.177270000109658 ], [ 113.705013158731404, -8.177141227085148 ], [ 113.705210001441543, -8.177009999810856 ], [ 113.705778906272599, -8.176637268594298 ], [ 113.706162980638069, -8.176280012012114 ], [ 113.706440000606548, -8.175639998686133 ], [ 113.706568925616494, -8.175370427802207 ], [ 113.70677000143543, -8.174950000141521 ], [ 113.706881524563755, -8.174657247433224 ], [ 113.7070099999127, -8.174319999867262 ], [ 113.707049999958642, -8.173989999937746 ], [ 113.706900000235947, -8.173760000123085 ], [ 113.706559999845098, -8.173559998993916 ], [ 113.706450085604004, -8.173506384111516 ], [ 113.706262193846214, -8.173414728805859 ], [ 113.706149998924417, -8.173359999663397 ], [ 113.705740000701567, -8.173139999410626 ], [ 113.70548999996457, -8.172880000011194 ], [ 113.705359999365569, -8.17259000012762 ], [ 113.705351788555319, -8.172499684811772 ], [ 113.705310473700493, -8.172045216013089 ], [ 113.705368745272409, -8.171801697589441 ], [ 113.705380709852847, -8.171708892050898 ], [ 113.705464439433371, -8.171573395694807 ], [ 113.705565207569336, -8.171454651909869 ], [ 113.70571035544954, -8.171395043945349 ], [ 113.7058240414474, -8.171346095645003 ], [ 113.70609525809077, -8.171400503729441 ], [ 113.70646300616383, -8.171544221687686 ], [ 113.706676914409172, -8.171744729135131 ], [ 113.70681799015918, -8.171757174852921 ], [ 113.707180000557642, -8.171710000015729 ], [ 113.707509998688593, -8.171479999301699 ], [ 113.70778999990965, -8.171199999879295 ], [ 113.707919999609274, -8.170939998681213 ], [ 113.70787999866414, -8.17064999969692 ], [ 113.707830435227493, -8.170550870125702 ], [ 113.707738050571578, -8.170384943409601 ], [ 113.707489998665537, -8.170279999721373 ], [ 113.707370738669695, -8.170287950627618 ], [ 113.707190000119439, -8.170299998845064 ], [ 113.706789243329908, -8.170337278441806 ], [ 113.706570000306357, -8.170299998845064 ], [ 113.706330000030519, -8.170109999975715 ], [ 113.706050000608116, -8.169780000046199 ], [ 113.70577000028625, -8.169390000047681 ], [ 113.705660000609598, -8.16914999887257 ], [ 113.705690000194366, -8.168969999565022 ], [ 113.705875215569762, -8.168784782390979 ], [ 113.706310000007548, -8.168610000050645 ], [ 113.706518622937054, -8.168458273629618 ], [ 113.706639999937153, -8.168369999774903 ], [ 113.70670519538956, -8.168279452433989 ], [ 113.706866838634667, -8.168235341586925 ], [ 113.707049211253178, -8.167994375439267 ], [ 113.707109900202781, -8.167832382357741 ], [ 113.707160439403793, -8.167697477755585 ], [ 113.707200139975498, -8.167288235862589 ], [ 113.707226893007743, -8.166866165140661 ], [ 113.707230758293875, -8.166771994431208 ], [ 113.707237941179102, -8.166596955784076 ], [ 113.707292806119241, -8.166342814568448 ], [ 113.707418507059472, -8.166088052820573 ], [ 113.707552255133422, -8.165793815331444 ], [ 113.707740318661905, -8.165535897862551 ], [ 113.707878734217275, -8.165260122555782 ], [ 113.707793792350671, -8.165070155162677 ], [ 113.707688057259148, -8.164845237416916 ], [ 113.707636550387491, -8.16455831231546 ], [ 113.707694857033047, -8.164395142920664 ], [ 113.707769998987217, -8.164320000067125 ], [ 113.708040000646562, -8.16420999859173 ], [ 113.708243027095008, -8.164141232830822 ], [ 113.708659999560368, -8.16399999969941 ], [ 113.709309999857595, -8.163729998939527 ], [ 113.709568463215078, -8.163603033552345 ], [ 113.709880000062952, -8.163450000416404 ], [ 113.710023091193804, -8.163366914750501 ], [ 113.710189999969572, -8.163269999310206 ], [ 113.710479998953787, -8.16293999938069 ], [ 113.710949999943637, -8.162399999659485 ], [ 113.711225479373397, -8.162181514764331 ], [ 113.711368709899148, -8.162109584289066 ], [ 113.711729999940673, -8.161940000030164 ], [ 113.711842840575741, -8.161869959929867 ], [ 113.711969500193291, -8.161874157965208 ], [ 113.712254945910132, -8.161759669772149 ], [ 113.712449506140814, -8.161570739297328 ], [ 113.712515316729522, -8.161277601679149 ], [ 113.712451023297163, -8.161069163110611 ], [ 113.71239980690666, -8.160903123979189 ], [ 113.712306454580258, -8.160517924561759 ], [ 113.712283589317238, -8.160423579383867 ], [ 113.7122047772298, -8.159906259665338 ], [ 113.712118594298801, -8.159519605144848 ], [ 113.712049433735388, -8.159209330945092 ], [ 113.711955813411095, -8.158729632565674 ], [ 113.711914891560028, -8.158537426760002 ], [ 113.711910000147412, -8.158309999905764 ], [ 113.711930328423023, -8.158070139024918 ], [ 113.711960000654614, -8.157719999677447 ], [ 113.712020000723527, -8.157520000346928 ], [ 113.712070000331366, -8.157340000140099 ], [ 113.712189236944837, -8.157068914797748 ], [ 113.712480001252047, -8.15671999942764 ], [ 113.712750766435747, -8.156521878780907 ], [ 113.712886231315593, -8.156313147932657 ], [ 113.713078188908256, -8.156194485985989 ], [ 113.713196938089226, -8.156166756289938 ], [ 113.713313411985354, -8.156139556294704 ], [ 113.71352786701847, -8.156180802801003 ], [ 113.713689285433276, -8.156297096832741 ], [ 113.713850701149994, -8.156413390864479 ], [ 113.714055312203953, -8.156582746695616 ], [ 113.714248134045206, -8.156592124825888 ], [ 113.714459710348351, -8.156570291984576 ], [ 113.714620000113982, -8.156410000420376 ], [ 113.714660000159924, -8.156000000398887 ], [ 113.714749787573695, -8.155838381435341 ], [ 113.714901674973333, -8.155627843849132 ], [ 113.715053898719475, -8.155391629719098 ], [ 113.715213946567516, -8.155305194078675 ], [ 113.715513850684701, -8.155313851852018 ], [ 113.715697188275769, -8.15550469338606 ], [ 113.715966191687485, -8.155694957555458 ], [ 113.716181740296136, -8.155702208789116 ], [ 113.716440001306054, -8.155390001046879 ], [ 113.716625892971578, -8.154994977435457 ], [ 113.716680000682601, -8.154880000011165 ], [ 113.716858249909365, -8.154571489381944 ], [ 113.716940000082033, -8.154429999943734 ], [ 113.717140000311829, -8.154209999690963 ], [ 113.717502647430209, -8.153996131015838 ], [ 113.718099999616328, -8.153790000107584 ], [ 113.718639999337626, -8.153699999554529 ], [ 113.719139999012796, -8.153449999716898 ], [ 113.719669999172197, -8.153219999902237 ], [ 113.719899998986776, -8.153179998957015 ], [ 113.720210000692049, -8.153189999418185 ], [ 113.720470000091495, -8.153320000017182 ], [ 113.720530001059771, -8.153509999785811 ], [ 113.720439999607351, -8.153779999646503 ], [ 113.720210000692049, -8.153969999415132 ], [ 113.719908719712777, -8.154261865391941 ], [ 113.719984349099533, -8.154462233444491 ], [ 113.720060459623639, -8.154632449027453 ], [ 113.720190400867452, -8.154844984907282 ], [ 113.720501733569193, -8.154960269899767 ], [ 113.720855323615325, -8.154989906158459 ], [ 113.721009694043232, -8.154979542371208 ], [ 113.721269999212126, -8.154819999942251 ], [ 113.721649999648747, -8.154379999436621 ], [ 113.721816605353098, -8.154187087663132 ], [ 113.722030000085468, -8.153939999830271 ], [ 113.72231000130661, -8.153629999923727 ], [ 113.722363225883186, -8.153452578972551 ], [ 113.722289998585623, -8.153249998587729 ], [ 113.722019999624308, -8.153099999764411 ], [ 113.721809998933423, -8.153030000133608 ], [ 113.721370000226358, -8.152919998658213 ], [ 113.721030000735027, -8.152829999903719 ], [ 113.720789999559926, -8.152600000089148 ], [ 113.720659998960841, -8.152299999744404 ], [ 113.7206677879891, -8.1518950386243 ], [ 113.720670000321292, -8.15178000004617 ], [ 113.720733255935983, -8.151392556820223 ], [ 113.720750001312538, -8.151289999033427 ], [ 113.720920001058289, -8.15093000041842 ], [ 113.721138711683281, -8.150751055116288 ], [ 113.721303216571215, -8.150611119706539 ], [ 113.721446660236239, -8.150589716741273 ], [ 113.721661252865601, -8.150652297864401 ], [ 113.721887135583913, -8.150800167093262 ], [ 113.721973811343361, -8.150948970717618 ], [ 113.722114674853373, -8.151193445120651 ], [ 113.722276452996965, -8.15136308513744 ], [ 113.722374487193818, -8.151607844625495 ], [ 113.72255767999404, -8.151777340750897 ], [ 113.722847882224997, -8.151935447861856 ], [ 113.723458390593393, -8.151952684268203 ], [ 113.72396163142524, -8.151826289950524 ], [ 113.724516761340524, -8.151689480584288 ], [ 113.724955214112924, -8.15160116895801 ], [ 113.725265387588621, -8.15154573204908 ], [ 113.725403334597189, -8.151530573975972 ], [ 113.725496284926678, -8.151449670964748 ], [ 113.725735461423511, -8.151382514090908 ], [ 113.725776846425333, -8.151168827978193 ], [ 113.725732425312231, -8.150934377418782 ], [ 113.725474560903294, -8.150808067637392 ], [ 113.72513125460479, -8.150714342991748 ], [ 113.724735055579472, -8.150717005884321 ], [ 113.724263394441238, -8.150645484600581 ], [ 113.723984333011543, -8.150551325582398 ], [ 113.723704911853247, -8.150403818780426 ], [ 113.723553620704124, -8.150171730739995 ], [ 113.723559999595409, -8.14983999961547 ], [ 113.723599999641351, -8.149370000424348 ], [ 113.723730342882078, -8.149124630296665 ], [ 113.723844858954166, -8.148930361446237 ], [ 113.724112344310257, -8.148896552333216 ], [ 113.724455289081334, -8.148936930993809 ], [ 113.724852498045351, -8.149083644593745 ], [ 113.725092043264226, -8.149224413674936 ], [ 113.725358015061346, -8.149411029294782 ], [ 113.725509517551274, -8.149644757698614 ], [ 113.725725052670086, -8.149846046656915 ], [ 113.726047376885944, -8.15000393613192 ], [ 113.726229558848075, -8.150024050368774 ], [ 113.726473211270758, -8.15015587029637 ], [ 113.726620001313108, -8.150110000375442 ], [ 113.726676269195551, -8.150033634443819 ], [ 113.726759999675338, -8.149919999707443 ], [ 113.726810001081731, -8.149729999938724 ], [ 113.726770000136426, -8.149350000401377 ], [ 113.7266499999986, -8.148949999941777 ], [ 113.726379999238617, -8.148139998561319 ], [ 113.726312322556765, -8.147650575812591 ], [ 113.726340000092051, -8.147299999394651 ], [ 113.726460000229878, -8.147019999972159 ], [ 113.726629999076252, -8.146869999350191 ], [ 113.726870000251367, -8.146750000111645 ], [ 113.727340000341769, -8.14665999955859 ], [ 113.7274514794033, -8.146626070835648 ], [ 113.727494016436665, -8.146613125094902 ], [ 113.727716934090253, -8.146875031057064 ], [ 113.727536552570839, -8.146600177555328 ], [ 113.727840000017039, -8.14640999972087 ], [ 113.728060416655921, -8.14614911988518 ], [ 113.728229999116266, -8.14578999990778 ], [ 113.728367161916054, -8.145329525436427 ], [ 113.728627878974493, -8.145227587282509 ], [ 113.728951536885006, -8.145151867064236 ], [ 113.729119218178383, -8.145291029056921 ], [ 113.729329998581647, -8.14556000009312 ], [ 113.729580001117213, -8.145720000276977 ], [ 113.729960000654643, -8.145840000414893 ], [ 113.730420000283885, -8.145849999976694 ], [ 113.730780000697536, -8.14577999944661 ], [ 113.731100000165981, -8.145569999655009 ], [ 113.731200000280836, -8.145409998571782 ], [ 113.731200000280836, -8.145269999310266 ], [ 113.731000000051026, -8.145009999910744 ], [ 113.730690000144477, -8.144599999889255 ], [ 113.730579999568363, -8.144229999913797 ], [ 113.730630000075479, -8.143969999614995 ], [ 113.730799998921867, -8.143659999708362 ], [ 113.731060000120038, -8.14342999989379 ], [ 113.731390000049458, -8.143359999363707 ], [ 113.73159000027934, -8.143480000400903 ], [ 113.731780000048062, -8.143879999961221 ], [ 113.731910000647062, -8.144410000120626 ], [ 113.732049999908668, -8.144639999935197 ], [ 113.732399999861158, -8.145049999956687 ], [ 113.732770000735982, -8.145210000140633 ], [ 113.733050000158386, -8.145279999771347 ], [ 113.733279999973135, -8.145199999679463 ], [ 113.733400000110962, -8.145049999956687 ], [ 113.733445691966153, -8.144901502101874 ], [ 113.733480000202931, -8.144789999657974 ], [ 113.733569999856627, -8.144350000051624 ], [ 113.733719999579392, -8.143570000054677 ], [ 113.733749515328881, -8.143439789913518 ], [ 113.733842577174315, -8.143029225117846 ], [ 113.73389000022442, -8.142819998743132 ], [ 113.734059999970086, -8.142230000313464 ], [ 113.734187778344364, -8.141883765822342 ], [ 113.734379010184142, -8.141360172433252 ], [ 113.734580531167609, -8.140693070627901 ], [ 113.734660000659574, -8.140430000043651 ], [ 113.734888766604428, -8.139838360351213 ], [ 113.73494999964386, -8.139679999631475 ], [ 113.735189999919612, -8.139210000440354 ], [ 113.735330000080495, -8.139099999864328 ], [ 113.735860001139173, -8.139099999864328 ], [ 113.736190000169501, -8.139059999818386 ], [ 113.736350000353269, -8.138950000141552 ], [ 113.73652000009892, -8.138729999888781 ], [ 113.736614567409447, -8.138372022949667 ], [ 113.736689998945394, -8.137909999845803 ], [ 113.736728358627943, -8.137739518063512 ], [ 113.736780000397729, -8.137509999386204 ], [ 113.736910000097538, -8.137199998580289 ], [ 113.737089999405086, -8.137009998811571 ], [ 113.737249999588855, -8.136960000103109 ], [ 113.737440001156216, -8.137029999733912 ], [ 113.737819998894921, -8.137350000101627 ], [ 113.738230000715049, -8.137820001091399 ], [ 113.738529999261146, -8.138330000328462 ], [ 113.738707805122203, -8.138478169930828 ], [ 113.738890000574088, -8.138489999613039 ], [ 113.739039999397491, -8.138399999959265 ], [ 113.739109999927578, -8.138219998853067 ], [ 113.739109999927578, -8.137869999799861 ], [ 113.739049999858665, -8.137379999686488 ], [ 113.738949998844447, -8.136870000449335 ], [ 113.738970000666058, -8.136440000404875 ], [ 113.739060000319839, -8.136109998676709 ], [ 113.739249231168159, -8.135706855985834 ], [ 113.739290000134503, -8.135619998563335 ], [ 113.739439999857183, -8.135429999693898 ], [ 113.739860000339846, -8.135119999787353 ], [ 113.740260302971677, -8.134851436144029 ], [ 113.74038999959987, -8.134789999857748 ], [ 113.740500000175899, -8.134759999373696 ], [ 113.740611400996386, -8.134789706678845 ], [ 113.740759856583139, -8.134829295734612 ], [ 113.740955177640416, -8.135024270552858 ], [ 113.741119999989081, -8.135420000132097 ], [ 113.741360001164111, -8.136010000360415 ], [ 113.741630000125511, -8.136579998767111 ] ], [ [ 113.718380740080178, -8.183310105076512 ], [ 113.719397546860378, -8.183563825409433 ], [ 113.719740000601661, -8.183340000339932 ], [ 113.719429599597461, -8.183534833065263 ], [ 113.718380740080178, -8.183310105076512 ] ], [ [ 113.719913746922899, -8.188902600373947 ], [ 113.72002000002405, -8.188999999649436 ], [ 113.719951498663832, -8.188896644164021 ], [ 113.719690000094459, -8.188739999350634 ], [ 113.719913746922899, -8.188902600373947 ] ] ] } },
{ "type": "Feature", "properties": { "KECAMATAN": "KALIWATES" }, "geometry": { "type": "Polygon", "coordinates": [ [ [ 113.673660000709575, -8.135649999946757 ], [ 113.673810001331546, -8.136229999713905 ], [ 113.674010000662065, -8.136799999919251 ], [ 113.674109999877629, -8.137080001140394 ], [ 113.674160000384745, -8.137509999386204 ], [ 113.674140000361859, -8.137829999753919 ], [ 113.674060000269805, -8.138150000121545 ], [ 113.673770906003597, -8.138551000627412 ], [ 113.67355000013346, -8.139109999426129 ], [ 113.673280000272854, -8.139580000415901 ], [ 113.67318999971971, -8.139739999700389 ], [ 113.67318999971971, -8.140169998845568 ], [ 113.673060000020087, -8.140929999718914 ], [ 113.673019999074768, -8.141190000017716 ], [ 113.67310973162985, -8.141432272880287 ], [ 113.673362594009504, -8.142334810002659 ], [ 113.673450000018519, -8.142649999896754 ], [ 113.673579999718328, -8.14318999961796 ], [ 113.674030000685121, -8.144119999337683 ], [ 113.674350000153467, -8.144619999912226 ], [ 113.674510000337236, -8.144869999749858 ], [ 113.674550000383263, -8.145039998596236 ], [ 113.674159998586106, -8.146089999353155 ], [ 113.674080000292861, -8.146250000436382 ], [ 113.673770000386327, -8.146469999789872 ], [ 113.673637607590564, -8.14658347894359 ], [ 113.673539999672201, -8.146730000088585 ], [ 113.673522413429694, -8.146844315611855 ], [ 113.673510000087518, -8.146999999949188 ], [ 113.673553913983056, -8.147230551947569 ], [ 113.673630000225344, -8.147629999324167 ], [ 113.673640000686518, -8.147729999439111 ], [ 113.673707989433154, -8.147856265153706 ], [ 113.673710225147872, -8.148192950643327 ], [ 113.673833637313606, -8.148421560106065 ], [ 113.674202325178285, -8.14887923588725 ], [ 113.674341002436321, -8.148984559988691 ], [ 113.674550078624321, -8.149143350584385 ], [ 113.674755874984726, -8.149345718729116 ], [ 113.674946676049359, -8.149657882404558 ], [ 113.675152994915791, -8.14993860128461 ], [ 113.675454507020945, -8.150344060629109 ], [ 113.675620698137806, -8.150692865382634 ], [ 113.67567780508773, -8.150812721628984 ], [ 113.675783640004028, -8.15102622877659 ], [ 113.67594880319578, -8.151359423098057 ], [ 113.675546624578175, -8.15178617209331 ], [ 113.675592302943528, -8.152145334338943 ], [ 113.675515651027609, -8.152443591797496 ], [ 113.675645358447611, -8.15279374373543 ], [ 113.675851245639436, -8.153243738406999 ], [ 113.675992225162076, -8.153631451429575 ], [ 113.675843417940413, -8.153958393664105 ], [ 113.675845502568876, -8.154271802900535 ], [ 113.675969350006525, -8.154402277442372 ], [ 113.676010000262394, -8.154759999873338 ], [ 113.676050000308337, -8.155359998764176 ], [ 113.676082992836868, -8.155771182293446 ], [ 113.676198439707235, -8.156202591575521 ], [ 113.676269997863173, -8.156469999590009 ], [ 113.676370000675959, -8.156780000395923 ], [ 113.676451681600838, -8.156920675947575 ], [ 113.676696718080208, -8.156996826041894 ], [ 113.67691732807323, -8.157043088067304 ], [ 113.677367114102097, -8.156920384567321 ], [ 113.677646545153024, -8.156778851961597 ], [ 113.677847203686639, -8.156837389732939 ], [ 113.677888184892794, -8.156976804435121 ], [ 113.678009095144745, -8.157064624132325 ], [ 113.67813983768437, -8.157174690358858 ], [ 113.678340560969218, -8.157243206108287 ], [ 113.678625300718068, -8.157146535283609 ], [ 113.678821382601768, -8.157269959140521 ], [ 113.679052344691044, -8.157368204678093 ], [ 113.679192260315645, -8.157327370061338 ], [ 113.679357639344602, -8.157351218283313 ], [ 113.679533430724277, -8.157434865126099 ], [ 113.679680208176165, -8.157540869114975 ], [ 113.679885213133161, -8.157632085551512 ], [ 113.679955835994065, -8.157711439930225 ], [ 113.680156760727002, -8.157809885117249 ], [ 113.680347672408132, -8.157908396854239 ], [ 113.680508476585928, -8.157997131161874 ], [ 113.680659336060529, -8.158095906400174 ], [ 113.680919873254652, -8.158124113636099 ], [ 113.681110716587355, -8.158212648294281 ], [ 113.681271322914341, -8.158271448667652 ], [ 113.681281936713077, -8.158361176726146 ], [ 113.681336744995875, -8.158483780401358 ], [ 113.681434991432724, -8.158789197362768 ], [ 113.681522244556916, -8.15906391326817 ], [ 113.681567887848814, -8.159197393344229 ], [ 113.681648991408863, -8.15934651892589 ], [ 113.681690174063306, -8.159515863065845 ], [ 113.681691440308811, -8.159705427562656 ], [ 113.681702651257439, -8.159884948430872 ], [ 113.681704049703143, -8.160094467085209 ], [ 113.681705446350293, -8.160303984840176 ], [ 113.681635887387273, -8.16038426641996 ], [ 113.681526609866182, -8.160514696894914 ], [ 113.681371712435663, -8.160772348164567 ], [ 113.681307234642162, -8.160941655432239 ], [ 113.681239494108439, -8.161005497405014 ], [ 113.681070671575327, -8.161216142010506 ], [ 113.680912060843937, -8.161456653101283 ], [ 113.680853314429982, -8.161656593076525 ], [ 113.68085184223979, -8.16184263942543 ], [ 113.680824671922068, -8.161965574051198 ], [ 113.680846493072281, -8.16208090670769 ], [ 113.680887080375584, -8.162215108939328 ], [ 113.680979195234698, -8.16251382505224 ], [ 113.681106388150369, -8.162817294981338 ], [ 113.681212956913427, -8.163031106099837 ], [ 113.681356524684958, -8.163301203087279 ], [ 113.681410516383266, -8.163458093415475 ], [ 113.681437505937154, -8.163668178642734 ], [ 113.681308868710417, -8.163898513904442 ], [ 113.681239375397894, -8.163988770764384 ], [ 113.681175781638117, -8.164164540560346 ], [ 113.681150537668273, -8.164297145596009 ], [ 113.681052256157699, -8.164458953417196 ], [ 113.680816537554136, -8.164721476314305 ], [ 113.680694847590161, -8.164920286741093 ], [ 113.680540782931885, -8.16510181129879 ], [ 113.680479999553455, -8.165199999279736 ], [ 113.680270000661054, -8.165550000131592 ], [ 113.680209999692778, -8.165639998885997 ], [ 113.680100000016026, -8.165810000430394 ], [ 113.679601090319096, -8.166228838988896 ], [ 113.679290001333584, -8.166489999413116 ], [ 113.679010000112527, -8.166749999711918 ], [ 113.678809999882645, -8.16701000001072 ], [ 113.678690000644096, -8.167350000401406 ], [ 113.678620000113924, -8.167559999293726 ], [ 113.678399999861156, -8.167919999707383 ], [ 113.678073394872328, -8.168276181599719 ], [ 113.677943566043837, -8.168290958360245 ], [ 113.67776312966582, -8.168262218725573 ], [ 113.677553382583625, -8.168343428405709 ], [ 113.677394234956992, -8.168504122866203 ], [ 113.677366059197311, -8.168783679822187 ], [ 113.677336119867007, -8.169011116568957 ], [ 113.677100000165979, -8.169259999448595 ], [ 113.676780000697448, -8.169749999562057 ], [ 113.676664588001344, -8.169879095443065 ], [ 113.676522252301226, -8.169886795438462 ], [ 113.676392145582142, -8.169897634067745 ], [ 113.676313236367861, -8.170077752085756 ], [ 113.676324181117153, -8.17021736463883 ], [ 113.676327495118841, -8.170341182398786 ], [ 113.676209999592828, -8.170909999995633 ], [ 113.676019860429307, -8.171195211888669 ], [ 113.676159654645417, -8.171280929870182 ], [ 113.676160339029522, -8.171471864933853 ], [ 113.676029554221557, -8.171692358914438 ], [ 113.675898827869673, -8.17192163657343 ], [ 113.675833788, -8.172084591030202 ], [ 113.675654307601206, -8.172274659147359 ], [ 113.675506182065632, -8.172539192029269 ], [ 113.675427886188999, -8.172697841431418 ], [ 113.675413342352911, -8.172853166039971 ], [ 113.675638058650492, -8.172846080281591 ], [ 113.675868514421481, -8.172838811960801 ], [ 113.676787326574868, -8.17288287604314 ], [ 113.677830086890026, -8.172875851438597 ], [ 113.678422886707978, -8.172859505361128 ], [ 113.679215460126429, -8.172841714073041 ], [ 113.679831804195459, -8.172812553555662 ], [ 113.680363754085107, -8.17290267641657 ], [ 113.680692863685735, -8.172882585562078 ], [ 113.681072212113875, -8.172915209368668 ], [ 113.681257182873736, -8.172887628060764 ], [ 113.681280992424959, -8.172492141298491 ], [ 113.681739101679227, -8.172436392324876 ], [ 113.682109221264596, -8.172407583442396 ], [ 113.682291352864723, -8.172361673951254 ], [ 113.682646150700265, -8.172272242669052 ], [ 113.683116897228075, -8.17212855798579 ], [ 113.683578708092028, -8.171967361703601 ], [ 113.683861015174799, -8.171991843048286 ], [ 113.684135208574077, -8.172121796882646 ], [ 113.68424115590561, -8.172186251293699 ], [ 113.684358396024194, -8.17211328659808 ], [ 113.684644813908093, -8.171908978615637 ], [ 113.68491979601292, -8.171682255930566 ], [ 113.685166865859188, -8.171500696299326 ], [ 113.68530153483907, -8.171387354741764 ], [ 113.685408669275674, -8.171375397355927 ], [ 113.68555560141094, -8.171408156960112 ], [ 113.685702912160764, -8.171497134983994 ], [ 113.685918006611814, -8.171596910268384 ], [ 113.686065868645983, -8.171646458416546 ], [ 113.686199190441357, -8.171568601409039 ], [ 113.686346465218179, -8.171537840098473 ], [ 113.686453447669606, -8.171503396064093 ], [ 113.686554637587477, -8.171446497756872 ], [ 113.686633033288871, -8.171356017865115 ], [ 113.686705631960393, -8.171243087297817 ], [ 113.686766069099946, -8.171119767762256 ], [ 113.686848182598624, -8.171042543877459 ], [ 113.686940888312392, -8.170982892745513 ], [ 113.687098316435282, -8.170897511110507 ], [ 113.687205185571855, -8.170846199391811 ], [ 113.687345647084939, -8.170755305811859 ], [ 113.687474710590422, -8.170647622788739 ], [ 113.687666030563975, -8.170567637985336 ], [ 113.687762546705272, -8.170543644073145 ], [ 113.687926599234174, -8.170391897866967 ], [ 113.688514512136081, -8.169876990130163 ], [ 113.688653997884813, -8.169796421666707 ], [ 113.688701575618296, -8.169666438154842 ], [ 113.688815937006922, -8.169542337108336 ], [ 113.688956510035965, -8.16946831031342 ], [ 113.689084586085912, -8.16942388560302 ], [ 113.689147264335787, -8.169303991585107 ], [ 113.689165382077846, -8.16920079527965 ], [ 113.689219223589362, -8.169095485567411 ], [ 113.689263534085882, -8.168971497835596 ], [ 113.689291052441121, -8.168867300584591 ], [ 113.689297625586079, -8.168725759885074 ], [ 113.689320106838494, -8.168571931748446 ], [ 113.689288112557406, -8.168428772269241 ], [ 113.689247938042939, -8.168327837758714 ], [ 113.689207271599301, -8.168165448975493 ], [ 113.689257547298993, -8.168077577117703 ], [ 113.689301746279654, -8.167936721701572 ], [ 113.689339737240161, -8.167711573729306 ], [ 113.689263939680103, -8.167524978793981 ], [ 113.68918539289254, -8.167414613093136 ], [ 113.689175882562068, -8.167284846317767 ], [ 113.690298848913798, -8.167688328053078 ], [ 113.690461570446132, -8.167756535335034 ], [ 113.690655342870812, -8.167837762102213 ], [ 113.691035658070149, -8.167966466778196 ], [ 113.691339667592587, -8.168069347421667 ], [ 113.69169505088685, -8.168193974571423 ], [ 113.692024852066282, -8.168309630084501 ], [ 113.692205042929487, -8.168372820048873 ], [ 113.692917770040154, -8.168632325720491 ], [ 113.693082610375228, -8.16869064765444 ], [ 113.693461875166449, -8.168824119636618 ], [ 113.694235528647809, -8.169078961424113 ], [ 113.694436322079738, -8.169185850345915 ], [ 113.694519200002134, -8.169307587973982 ], [ 113.694588908252499, -8.1695693671318 ], [ 113.695134458589408, -8.169337222434113 ], [ 113.695514971639724, -8.169163551655821 ], [ 113.695890924227797, -8.168991961908699 ], [ 113.69614705024722, -8.168875060834544 ], [ 113.696608337705669, -8.168663956675502 ], [ 113.696814542358311, -8.168574498413548 ], [ 113.696932959689462, -8.168512778840896 ], [ 113.697030088269031, -8.168447496154172 ], [ 113.697152825943277, -8.168419123443059 ], [ 113.697258532256498, -8.168373071859001 ], [ 113.697574749176425, -8.168258795006576 ], [ 113.697889733125749, -8.168118186903992 ], [ 113.698065545189863, -8.16795332498512 ], [ 113.698588538731045, -8.167791491083641 ], [ 113.698795348627542, -8.167685911574772 ], [ 113.699213268978227, -8.1676182870535 ], [ 113.699818551386073, -8.16742537258208 ], [ 113.700184418077498, -8.167334791066903 ], [ 113.700298623883469, -8.167291998626023 ], [ 113.700423919229564, -8.167245051317227 ], [ 113.70046352267444, -8.16749661687459 ], [ 113.700338257006024, -8.167661142446956 ], [ 113.70022698568792, -8.168027039715263 ], [ 113.700215787329768, -8.168241170093136 ], [ 113.700156769320529, -8.16848073239904 ], [ 113.700116980615221, -8.168581800009232 ], [ 113.700255898891655, -8.168568281400244 ], [ 113.700295585973549, -8.168832436566873 ], [ 113.700267519031883, -8.168952120143434 ], [ 113.700460794131359, -8.168969840385063 ], [ 113.700608765882833, -8.169200223310867 ], [ 113.700779248564587, -8.169345458425379 ], [ 113.700750201361728, -8.169456991446154 ], [ 113.700843965577661, -8.169555079602418 ], [ 113.700842642674814, -8.169838883157119 ], [ 113.700848890265078, -8.169928798274604 ], [ 113.700827303838125, -8.170075125166097 ], [ 113.700850857082372, -8.170221148086696 ], [ 113.700823592335908, -8.170361888389575 ], [ 113.701267500395815, -8.170446398581664 ], [ 113.701200813867516, -8.170642950810734 ], [ 113.701512440647633, -8.170702265596262 ], [ 113.70183643310601, -8.170776796910804 ], [ 113.702011615644523, -8.170814983024187 ], [ 113.702293964995533, -8.170899896112569 ], [ 113.702848672229464, -8.171101749845054 ], [ 113.702867938405674, -8.170895017290423 ], [ 113.703060514732016, -8.170827218300712 ], [ 113.703292724181026, -8.170845774911715 ], [ 113.703416934045293, -8.17085618906108 ], [ 113.703583287939409, -8.170897837564304 ], [ 113.703643618059601, -8.17100085490474 ], [ 113.703773926226702, -8.171078694825116 ], [ 113.703864737069011, -8.171156800944821 ], [ 113.70398379741539, -8.171240339868955 ], [ 113.704063207552082, -8.171301653847383 ], [ 113.704205961436969, -8.171385484151948 ], [ 113.704468103021597, -8.171515405610695 ], [ 113.704612650154786, -8.171612828268636 ], [ 113.704748561997548, -8.171685009654659 ], [ 113.70493202009763, -8.171695026303592 ], [ 113.705104039720709, -8.171682631847197 ], [ 113.7052357796086, -8.171728109663732 ], [ 113.705368745272409, -8.171801697589441 ], [ 113.705310473700493, -8.172045216013089 ], [ 113.705351788555319, -8.172499684811772 ], [ 113.705359999365569, -8.17259000012762 ], [ 113.70548999996457, -8.172880000011194 ], [ 113.705740000701567, -8.173139999410626 ], [ 113.706149998924417, -8.173359999663397 ], [ 113.706262193846214, -8.173414728805859 ], [ 113.706450085604004, -8.173506384111516 ], [ 113.706559999845098, -8.173559998993916 ], [ 113.706900000235947, -8.173760000123085 ], [ 113.707049999958642, -8.173989999937746 ], [ 113.7070099999127, -8.174319999867262 ], [ 113.706881524563755, -8.174657247433224 ], [ 113.70677000143543, -8.174950000141521 ], [ 113.706568925616494, -8.175370427802207 ], [ 113.706440000606548, -8.175639998686133 ], [ 113.706162980638069, -8.176280012012114 ], [ 113.705778906272599, -8.176637268594298 ], [ 113.705210001441543, -8.177009999810856 ], [ 113.705013158731404, -8.177141227085148 ], [ 113.704820001442926, -8.177270000109658 ], [ 113.704672586371757, -8.177327062992788 ], [ 113.7045100006371, -8.177389999348204 ], [ 113.703892268014812, -8.177646048925212 ], [ 113.703466011847993, -8.177791478293315 ], [ 113.703060001219143, -8.177929999968779 ], [ 113.7022489710142, -8.178260152783022 ], [ 113.701930001269631, -8.178389998698641 ], [ 113.701712446273376, -8.178479438974094 ], [ 113.701504266709577, -8.178565023855942 ], [ 113.701030000235392, -8.178759999573558 ], [ 113.70045727238633, -8.179010568681953 ], [ 113.700230000215385, -8.179110000425414 ], [ 113.700103455711002, -8.179194363128548 ], [ 113.699840000216867, -8.179369999824846 ], [ 113.699674960232343, -8.179510589041648 ], [ 113.699570001255552, -8.179599999639507 ], [ 113.698978304006573, -8.180065960874614 ], [ 113.69877000123563, -8.180229999913767 ], [ 113.698079999993084, -8.180599999889314 ], [ 113.69776000142393, -8.180899999334688 ], [ 113.697450000618105, -8.181279999771405 ], [ 113.697080000642558, -8.18178999990775 ], [ 113.69669000064404, -8.182089999353213 ], [ 113.696470000391272, -8.182250000436351 ], [ 113.696210000092464, -8.182329998729674 ], [ 113.695820738437376, -8.182349999651926 ], [ 113.695519998849932, -8.182349999651926 ], [ 113.695379999588312, -8.182369999674986 ], [ 113.695089999704834, -8.182529999858755 ], [ 113.694817008699033, -8.182685993562931 ], [ 113.694659999660288, -8.182690000042701 ], [ 113.69448000035274, -8.182589999927757 ], [ 113.694240000077002, -8.182280000021212 ], [ 113.694143196152567, -8.18221546287252 ], [ 113.694000000700527, -8.182119999837354 ], [ 113.69370000035579, -8.182050001105832 ], [ 113.693490000564097, -8.182050001105832 ], [ 113.693350019288999, -8.182111240440591 ], [ 113.693170000196474, -8.182189998568788 ], [ 113.693036218847539, -8.182413534955877 ], [ 113.693100000565664, -8.182859999788359 ], [ 113.693060857573528, -8.183280779983225 ], [ 113.692900000335868, -8.183490000062619 ], [ 113.69256999860761, -8.183689999393138 ], [ 113.692069998932354, -8.184019999322654 ], [ 113.6921499999236, -8.184310000105597 ], [ 113.692319999669266, -8.184919998558236 ], [ 113.692433843048434, -8.185096650589195 ], [ 113.692609999552928, -8.185370000424406 ], [ 113.69276999883742, -8.185489999662952 ], [ 113.693027254405379, -8.185860878276106 ], [ 113.693210898665171, -8.185882293832012 ], [ 113.693581496689717, -8.185937683076848 ], [ 113.693762898040362, -8.185964447800263 ], [ 113.693917771189248, -8.185972128010508 ], [ 113.693887945173628, -8.186371864968798 ], [ 113.693888708697983, -8.186485294659771 ], [ 113.693889997426481, -8.186676985153916 ], [ 113.693805902721238, -8.186733655932741 ], [ 113.693780000447759, -8.186819999842363 ], [ 113.693620001163097, -8.187229999863764 ], [ 113.693481328401646, -8.187604929922763 ], [ 113.693417900117069, -8.187776418046464 ], [ 113.693350000403214, -8.187959999353687 ], [ 113.693206025238979, -8.188265299403284 ], [ 113.693066863246116, -8.188113563089637 ], [ 113.692868415246309, -8.187918471359577 ], [ 113.692775577332057, -8.188045161554179 ], [ 113.692654004279902, -8.1883226923376 ], [ 113.692542545902796, -8.18861729764939 ], [ 113.692497453895427, -8.188736486598767 ], [ 113.692276638856811, -8.189071334773466 ], [ 113.692008987126087, -8.189549370306402 ], [ 113.691867299837071, -8.189804314616598 ], [ 113.691697100441871, -8.19009367058565 ], [ 113.691710855572495, -8.190233983710591 ], [ 113.691982136967098, -8.19029567360565 ], [ 113.692224922443259, -8.190419473379194 ], [ 113.692418736236718, -8.190540523925225 ], [ 113.693181103226351, -8.190897073640222 ], [ 113.69387495806393, -8.191186271328508 ], [ 113.69476125522884, -8.191417675884203 ], [ 113.695165878203696, -8.191441837070322 ], [ 113.695612307063357, -8.191468494774455 ], [ 113.696010391067688, -8.191465833680443 ], [ 113.696451636235111, -8.191462883904197 ], [ 113.696963732691202, -8.191467189858102 ], [ 113.697231477951391, -8.191469309560205 ], [ 113.698232525911379, -8.191473575044615 ], [ 113.698788297043251, -8.191469856347975 ], [ 113.699230008059459, -8.191441980062518 ], [ 113.699389206947487, -8.191431931937341 ], [ 113.700104379314681, -8.191517553691384 ], [ 113.700717241208707, -8.191569955388321 ], [ 113.700826028599366, -8.191587550624167 ], [ 113.70145532740257, -8.191689325101457 ], [ 113.701680380046554, -8.191698007156532 ], [ 113.701630543216069, -8.191906300934225 ], [ 113.701438894989977, -8.192616130429229 ], [ 113.701049922017305, -8.193805356131499 ], [ 113.700617318435548, -8.195151050379888 ], [ 113.700315799135893, -8.196096739672008 ], [ 113.701123110644019, -8.196245915615695 ], [ 113.701736361045235, -8.196354816320948 ], [ 113.702474378890557, -8.19646288065665 ], [ 113.702589281671095, -8.196476021550357 ], [ 113.703314401439599, -8.196558957928744 ], [ 113.703870559279906, -8.196611732844381 ], [ 113.704437829143529, -8.19663052867514 ], [ 113.705383621857621, -8.196535432563355 ], [ 113.708534248258019, -8.196874246748241 ], [ 113.709048945553462, -8.196968655778079 ], [ 113.710317458185116, -8.197175700397484 ], [ 113.710910962172221, -8.197214605069146 ], [ 113.711054768264063, -8.197230237984286 ], [ 113.712188843940993, -8.197499659580874 ], [ 113.712759024010808, -8.197648208697082 ], [ 113.713252875021212, -8.197748824847604 ], [ 113.713349667254462, -8.197768543382765 ], [ 113.713308130267009, -8.198333876106688 ], [ 113.713377638868025, -8.198548127892956 ], [ 113.713718370407534, -8.198613639906725 ], [ 113.713707922084083, -8.198797842645476 ], [ 113.713667715193992, -8.199506762925999 ], [ 113.713479648967677, -8.200208693675435 ], [ 113.713403473692438, -8.200683848679844 ], [ 113.712767531597365, -8.200575122443119 ], [ 113.712610195205357, -8.200790903076925 ], [ 113.712486808220632, -8.200995151704092 ], [ 113.712250611177822, -8.201290570002982 ], [ 113.712206162185694, -8.201426481845917 ], [ 113.712130137097247, -8.201924240410595 ], [ 113.712006826554926, -8.202139789019245 ], [ 113.711786957603096, -8.202431505708628 ], [ 113.711537875973278, -8.202499480965429 ], [ 113.711420000034053, -8.202549998582718 ], [ 113.711039998698055, -8.202539999920287 ], [ 113.710629999575843, -8.202469999390114 ], [ 113.710050000708065, -8.202299998745175 ], [ 113.709560000594593, -8.202230000013653 ], [ 113.709240000226799, -8.202200000428881 ], [ 113.709076429734537, -8.202137955301534 ], [ 113.709026912163239, -8.202611064348318 ], [ 113.709005518191134, -8.202815448773169 ], [ 113.708774065072163, -8.203811500999201 ], [ 113.70792352944845, -8.203839822449009 ], [ 113.707753543192538, -8.203863568148371 ], [ 113.707662681088919, -8.204086590123215 ], [ 113.707619653025674, -8.204192199309766 ], [ 113.707075058668153, -8.204173258688073 ], [ 113.706587864439456, -8.204255641983458 ], [ 113.706202522929203, -8.204303435554337 ], [ 113.705793733395154, -8.204238376798887 ], [ 113.705294738262651, -8.20425302855363 ], [ 113.705192652619871, -8.204253715635666 ], [ 113.705037451218445, -8.204785911040211 ], [ 113.704577224060728, -8.205500972790823 ], [ 113.704381713246534, -8.205728813333256 ], [ 113.704138301842249, -8.206012472097111 ], [ 113.703444874182694, -8.205791105774061 ], [ 113.703091096178198, -8.2057256738 ], [ 113.703001976061401, -8.205714971867682 ], [ 113.702830907921125, -8.206484456091932 ], [ 113.702556949244851, -8.207285338346846 ], [ 113.702403077940701, -8.207730592691885 ], [ 113.701449680559307, -8.20764658612023 ], [ 113.700598597248458, -8.20759578971315 ], [ 113.700214165852145, -8.207779185760032 ], [ 113.699823485966107, -8.207863870420471 ], [ 113.699374881646548, -8.207796117296205 ], [ 113.699157844659936, -8.207571547588042 ], [ 113.698883939043611, -8.207324760128774 ], [ 113.698770654143487, -8.207250608328074 ], [ 113.698389999899632, -8.207299999994209 ], [ 113.698000190557394, -8.207357749060094 ], [ 113.69758000121719, -8.207420000132124 ], [ 113.697489997966031, -8.207349998702671 ], [ 113.69741299801251, -8.207402583861388 ], [ 113.696989324698649, -8.207280952353234 ], [ 113.696352986901886, -8.207115698330057 ], [ 113.695814379331154, -8.206910792298359 ], [ 113.694957818249804, -8.208229957445788 ], [ 113.694852940212087, -8.208391476584563 ], [ 113.694467769572967, -8.208986335849964 ], [ 113.693777279998471, -8.208681206671507 ], [ 113.693593633940026, -8.208596602950056 ], [ 113.692962885429893, -8.209025693779946 ], [ 113.69280754193565, -8.209188829899759 ], [ 113.692718447899054, -8.209282392667514 ], [ 113.691836522338647, -8.210208556778696 ], [ 113.691668967849608, -8.210593919872665 ], [ 113.691596809845947, -8.210890138568192 ], [ 113.691389967573926, -8.211273860399569 ], [ 113.691003546877241, -8.211163431746147 ], [ 113.690925062142895, -8.211435642140373 ], [ 113.69033812230758, -8.211732942720349 ], [ 113.689578831898629, -8.211839731817381 ], [ 113.689471174056521, -8.211865390374705 ], [ 113.688944617401262, -8.211990888068186 ], [ 113.688264800980861, -8.212108442949482 ], [ 113.687583616691626, -8.212022583774424 ], [ 113.68746401495342, -8.212791868349221 ], [ 113.687432497312926, -8.213165021347855 ], [ 113.687367633710437, -8.213640108003826 ], [ 113.687369065431042, -8.213852706836143 ], [ 113.686881711123107, -8.213914584689562 ], [ 113.686427990560304, -8.213917615404796 ], [ 113.686153491391565, -8.213884416032123 ], [ 113.685985230934804, -8.213864065273622 ], [ 113.68559979769357, -8.213900542675077 ], [ 113.685101007606477, -8.213949077287317 ], [ 113.684844627978279, -8.214012814938652 ], [ 113.684724865261373, -8.213680358061247 ], [ 113.684631917630014, -8.213353241358188 ], [ 113.684479076049541, -8.213038133302362 ], [ 113.684476150554943, -8.212842031633681 ], [ 113.684276492067511, -8.212448859726294 ], [ 113.683656230551591, -8.210762999611941 ], [ 113.682630402671975, -8.211466560832335 ], [ 113.682411403364654, -8.211229760344317 ], [ 113.683043928935248, -8.209995984026673 ], [ 113.682151971437435, -8.209505262656911 ], [ 113.679933146998223, -8.20901236672653 ], [ 113.680274480184124, -8.207174962753559 ], [ 113.680402975318117, -8.20624772485181 ], [ 113.678453191162916, -8.206132113405527 ], [ 113.678564234053184, -8.204556384268933 ], [ 113.678470000391243, -8.20452999995873 ], [ 113.678109999977579, -8.204289999682899 ], [ 113.677982522876178, -8.204189079561573 ], [ 113.677630000325294, -8.203910000145552 ], [ 113.676560001343958, -8.20346000007812 ], [ 113.676400000260827, -8.203379999986236 ], [ 113.676289999684712, -8.20326999941021 ], [ 113.676221959676681, -8.203065874889457 ], [ 113.676209999592828, -8.202629999573972 ], [ 113.676209999592828, -8.202410001119851 ], [ 113.676170001345525, -8.202119999437627 ], [ 113.675989999339961, -8.2017499985628 ], [ 113.67578000044773, -8.201510000085619 ], [ 113.675480000102993, -8.20128999983276 ], [ 113.674869999851694, -8.201030000433416 ], [ 113.674507642314921, -8.20088509357144 ], [ 113.674319999669237, -8.200759999673444 ], [ 113.674189999070236, -8.200629999973728 ], [ 113.674380000637612, -8.199789999907779 ], [ 113.674460000729496, -8.199439999955203 ], [ 113.674259999600409, -8.199029999933803 ], [ 113.673880000063065, -8.198599999889254 ], [ 113.673439999557345, -8.198240000374966 ], [ 113.67297000036622, -8.19789000042239 ], [ 113.67254000032176, -8.197530000008644 ], [ 113.672349999653761, -8.197419999432618 ], [ 113.671879999563458, -8.197339999340645 ], [ 113.671480000003044, -8.197349999801904 ], [ 113.671300000695496, -8.197379999386676 ], [ 113.67092000025886, -8.197659999708449 ], [ 113.670639999937094, -8.197899999984191 ], [ 113.670440000606575, -8.197940000030222 ], [ 113.670319999569386, -8.197929999568963 ], [ 113.670009999662838, -8.19789000042239 ], [ 113.669750000263321, -8.19789000042239 ], [ 113.669260000149933, -8.198040000145077 ], [ 113.668970000266285, -8.198199999429654 ], [ 113.668750000013603, -8.198300000443879 ], [ 113.668310001306622, -8.198379999636483 ], [ 113.667634774126583, -8.198379999636483 ], [ 113.667250000088529, -8.198379999636483 ], [ 113.666925001288831, -8.198469998390888 ], [ 113.666699999906058, -8.198509999336199 ], [ 113.666620000713465, -8.198639999935285 ], [ 113.666450000068522, -8.199020000371913 ], [ 113.666249999838627, -8.199409998571781 ], [ 113.666020000023963, -8.199629999723921 ], [ 113.665760000624545, -8.199729999838866 ], [ 113.665489999864661, -8.199729999838866 ], [ 113.665199999981084, -8.199669999769863 ], [ 113.664800001320046, -8.199520000047176 ], [ 113.664520000098989, -8.199279999771345 ], [ 113.664289999385048, -8.199029999933803 ], [ 113.664000001300124, -8.198690000442397 ], [ 113.663750000563127, -8.198379999636483 ], [ 113.663711232588426, -8.198236862640272 ], [ 113.663619999964126, -8.197899999984191 ], [ 113.663550000333316, -8.19744000035487 ], [ 113.663500000725577, -8.196839999665471 ], [ 113.663420000633522, -8.196409999621011 ], [ 113.663269999112273, -8.196090000152576 ], [ 113.663039999297524, -8.195880000360976 ], [ 113.66277000033628, -8.195799999369722 ], [ 113.662429999945601, -8.195789998908552 ], [ 113.662120447002053, -8.195839926570557 ], [ 113.661779999648274, -8.196030000083663 ], [ 113.661540000271913, -8.196339999990208 ], [ 113.661420001033363, -8.196529999758837 ], [ 113.661290001333555, -8.197049998557791 ], [ 113.661130000250424, -8.197599998740166 ], [ 113.660690000644067, -8.197910000445361 ], [ 113.660378956624641, -8.197982334716201 ], [ 113.66025999970033, -8.198009998761655 ], [ 113.659710001316512, -8.197949999592023 ], [ 113.659370000026541, -8.197899999984191 ], [ 113.659130000650094, -8.197839999915278 ], [ 113.658870001250648, -8.197899999984191 ], [ 113.658740000651477, -8.198029999683907 ], [ 113.658630000075547, -8.198269999959738 ], [ 113.658500001275115, -8.198639999935285 ], [ 113.658410000722057, -8.198919999357688 ], [ 113.658209999592799, -8.199210000140543 ], [ 113.657860001438962, -8.199500000024116 ], [ 113.657734853581729, -8.199584657704982 ], [ 113.657520000148907, -8.199729999838866 ], [ 113.65703999959733, -8.19980999993075 ], [ 113.656550001282511, -8.19982000039192 ], [ 113.656180001307149, -8.199709999815806 ], [ 113.655779999948095, -8.199640001084372 ], [ 113.65552857558427, -8.199682925725636 ], [ 113.655369999926606, -8.199709999815806 ], [ 113.655049999558884, -8.199760000322918 ], [ 113.654822483671779, -8.199726412443152 ], [ 113.654710000067567, -8.199629999723921 ], [ 113.654690000044511, -8.19937999988629 ], [ 113.654720001428018, -8.199139999610548 ], [ 113.654850000228365, -8.198769999635001 ], [ 113.655022602612135, -8.19843757783114 ], [ 113.655120000089056, -8.198249999936767 ], [ 113.655409999972548, -8.197839999915278 ], [ 113.655439999557402, -8.197489999962702 ], [ 113.655349468404339, -8.19714622331875 ], [ 113.655180000157884, -8.196949999342127 ], [ 113.654959999905117, -8.196770000034668 ], [ 113.654699999606308, -8.196689999942784 ], [ 113.654429998846425, -8.196770000034668 ], [ 113.654230000415282, -8.196890001071864 ], [ 113.654128286192545, -8.196994390777721 ], [ 113.653849999978561, -8.197279999271732 ], [ 113.653450000418246, -8.197789999408165 ], [ 113.65325000018845, -8.19810999977588 ], [ 113.653000001250092, -8.198619999912225 ], [ 113.652742533442137, -8.198854788616792 ], [ 113.652639999937151, -8.198909999795799 ], [ 113.652510000237356, -8.198919999357688 ], [ 113.652319998669981, -8.198889999772828 ], [ 113.652209999892605, -8.198809999680943 ], [ 113.652000000100998, -8.19852999935917 ], [ 113.651819999894087, -8.198069999729938 ], [ 113.651630000125465, -8.197550000031704 ], [ 113.651500000425742, -8.197369999824875 ], [ 113.651310000657105, -8.197319999317674 ], [ 113.651110000427224, -8.197329999778844 ], [ 113.65090000063563, -8.19746000037793 ], [ 113.650800001419952, -8.197659999708449 ], [ 113.650720000428706, -8.198040000145077 ], [ 113.650719998630052, -8.198589999428084 ], [ 113.650810000981764, -8.19894999984183 ], [ 113.650939998882919, -8.199279999771345 ], [ 113.651200000080991, -8.199779999446609 ], [ 113.651349998904408, -8.200089999353153 ], [ 113.651429999895655, -8.200420001081408 ], [ 113.651389999849712, -8.200640000434898 ], [ 113.651220000103962, -8.200869999350189 ], [ 113.650739999552314, -8.201260001147357 ], [ 113.650539999322504, -8.201420000431845 ], [ 113.650130000200392, -8.201849998677655 ], [ 113.650067643907732, -8.201940859881994 ], [ 113.649780000247901, -8.202359999713369 ], [ 113.649499999926121, -8.202749999711887 ], [ 113.649270000111386, -8.203050000056631 ], [ 113.649040000296807, -8.203229999364179 ], [ 113.648850001427462, -8.203279999871292 ], [ 113.648650001197666, -8.20326999941021 ], [ 113.648430000045522, -8.203169999295266 ], [ 113.648300001245175, -8.203059999618432 ], [ 113.648120000138974, -8.202859999388632 ], [ 113.64795999995512, -8.202660000058113 ], [ 113.647750000163427, -8.202319999667427 ], [ 113.647549999034254, -8.202119999437627 ], [ 113.647372506137344, -8.202046552705465 ], [ 113.647260000049968, -8.201999999299712 ], [ 113.647070000281332, -8.201999999299712 ], [ 113.64680000042074, -8.202139998561318 ], [ 113.646419999084742, -8.2023999997594 ], [ 113.646180000607643, -8.2025999999892 ], [ 113.646019998625135, -8.202640000035142 ], [ 113.645864763948822, -8.202624921102462 ], [ 113.645759999225703, -8.202590000427399 ], [ 113.645559999895099, -8.202439999805343 ], [ 113.645279999573404, -8.202219998653202 ], [ 113.644970000566147, -8.201849998677655 ], [ 113.644739999852206, -8.201629999324254 ], [ 113.644479999553397, -8.201490000062648 ], [ 113.644320000268834, -8.201479998702197 ], [ 113.644069998632631, -8.201589999278223 ], [ 113.643978698559181, -8.201669886954875 ], [ 113.643909999347969, -8.20172999943911 ], [ 113.643600000340797, -8.202209999990682 ], [ 113.643438652972435, -8.202478910772324 ], [ 113.643210001241641, -8.202859999388632 ], [ 113.643161714842321, -8.202943859370791 ], [ 113.642828183275157, -8.203523551569834 ], [ 113.642610000552153, -8.203949999292213 ], [ 113.642100000415809, -8.204789999358162 ], [ 113.641810001431523, -8.205149999771908 ], [ 113.641570000256408, -8.205350000001708 ], [ 113.641249999888601, -8.205450000116652 ], [ 113.640850001227562, -8.205490000162595 ], [ 113.640447261432982, -8.205473630702674 ], [ 113.640360000214827, -8.205430000093592 ], [ 113.640229329620837, -8.205254527973292 ], [ 113.64021742799298, -8.205052806441103 ], [ 113.640204973281925, -8.204893801806666 ], [ 113.640165796115625, -8.204802784120389 ], [ 113.640112306239004, -8.204678506806793 ], [ 113.639985724862427, -8.204508889272997 ], [ 113.639972520116771, -8.204236257996154 ], [ 113.639970644130912, -8.203952189141404 ], [ 113.639945508079805, -8.203600092869177 ], [ 113.639863497103761, -8.203271096583052 ], [ 113.639791634077739, -8.203140965582321 ], [ 113.63981000003254, -8.202980000425917 ], [ 113.639840001416047, -8.202809999780889 ], [ 113.639790000009469, -8.202649999596943 ], [ 113.639709999917585, -8.202499999874345 ], [ 113.639749999963527, -8.202259998699144 ], [ 113.639830000055596, -8.201889999622967 ], [ 113.639870000101538, -8.201669999370196 ], [ 113.639609998903367, -8.201160000133044 ], [ 113.639540000171934, -8.201030000433416 ], [ 113.639600000240847, -8.20046999978987 ], [ 113.639619120726934, -8.200359102589648 ], [ 113.639649999848672, -8.200179999906297 ], [ 113.639840001416047, -8.200079999791352 ], [ 113.640012839422084, -8.199998917815019 ], [ 113.640119999939088, -8.199899999584524 ], [ 113.640209826923069, -8.199685314324999 ], [ 113.640200000031058, -8.199419999932232 ], [ 113.640281562245377, -8.199220152587159 ], [ 113.640280456079282, -8.19905259899749 ], [ 113.64027895601005, -8.198825343014391 ], [ 113.640300790650016, -8.198677475584269 ], [ 113.640299890428608, -8.198541124872214 ], [ 113.640264173853581, -8.19831409371967 ], [ 113.640285935648436, -8.198154866053418 ], [ 113.640307170440579, -8.197916097848832 ], [ 113.640364066949147, -8.19775205161508 ], [ 113.64049925124047, -8.197642122085512 ], [ 113.640717665988532, -8.197902045042536 ], [ 113.640812354707435, -8.197901425409658 ], [ 113.641048404261483, -8.197899877676427 ], [ 113.641206944845607, -8.197728389552726 ], [ 113.641427971224942, -8.197679020369762 ], [ 113.641579506090395, -8.197616944665452 ], [ 113.641730000440262, -8.197289998833622 ], [ 113.641819999194666, -8.197069998580762 ], [ 113.641840000117014, -8.196929999319156 ], [ 113.641939300559372, -8.196768636662497 ], [ 113.642000001200145, -8.196669999919813 ], [ 113.642091807591882, -8.19656119094536 ], [ 113.642252198980856, -8.19637109674791 ], [ 113.642367560415664, -8.196190356399001 ], [ 113.642347643130236, -8.196027791348691 ], [ 113.642346875109297, -8.195911474833871 ], [ 113.642357134575107, -8.19574172869708 ], [ 113.642401440575128, -8.195538820059721 ], [ 113.642457639209766, -8.195413454566445 ], [ 113.642479623137248, -8.195288316601744 ], [ 113.642547074988556, -8.195140153294609 ], [ 113.642614604181716, -8.195003351122974 ], [ 113.642728273991651, -8.19494579001536 ], [ 113.642831293130726, -8.195001931093458 ], [ 113.6429349103189, -8.19514897294593 ], [ 113.643090555086104, -8.195242816302127 ], [ 113.643279999973075, -8.195230000063656 ], [ 113.643540000271884, -8.195069999879799 ], [ 113.643810000132476, -8.194770000434335 ], [ 113.643945583722711, -8.194485275074513 ], [ 113.643944669112187, -8.194346926968297 ], [ 113.643943469416641, -8.19416512272144 ], [ 113.643970628942384, -8.193960406446841 ], [ 113.644117988255658, -8.19382308086962 ], [ 113.644260395002334, -8.193799422404567 ], [ 113.644416134198266, -8.193817781164856 ], [ 113.644696103943161, -8.193800926071091 ], [ 113.644784482119235, -8.193716441959474 ], [ 113.644829575025966, -8.193636603745478 ], [ 113.644828974278795, -8.193545702071646 ], [ 113.644782530590419, -8.193421011070033 ], [ 113.644713576871155, -8.193341921091999 ], [ 113.644599080584129, -8.193274492622969 ], [ 113.644575595688238, -8.193172379101242 ], [ 113.64459298138209, -8.193073411408001 ], [ 113.644631117133372, -8.192944749000162 ], [ 113.644630216012757, -8.192808395590177 ], [ 113.644629090061429, -8.19263795607603 ], [ 113.644525398229604, -8.192479551289498 ], [ 113.644466819988764, -8.192361574626126 ], [ 113.644403217235748, -8.192178112029456 ], [ 113.644109999577864, -8.192130000098661 ], [ 113.643819999694287, -8.191969999914804 ], [ 113.643523047151902, -8.191737835431965 ], [ 113.643270000411277, -8.191539999870344 ], [ 113.642430000345243, -8.190739999850337 ], [ 113.642109999078244, -8.190429999943703 ], [ 113.642030793087685, -8.190327691269104 ], [ 113.64187000060106, -8.190120000037158 ], [ 113.641650000348292, -8.18971999957747 ], [ 113.641379999588409, -8.18908999930321 ], [ 113.64132999998057, -8.188749999811805 ], [ 113.641369427158367, -8.188562864383851 ], [ 113.641489999265062, -8.188250000136541 ], [ 113.641749999563871, -8.187919999307745 ], [ 113.641920000208899, -8.1876099994012 ], [ 113.642080500415801, -8.18738708444555 ], [ 113.643081093318912, -8.187522822719327 ], [ 113.643172774704766, -8.186668977590415 ], [ 113.64320910641618, -8.186547399142306 ], [ 113.643259654610432, -8.18630162881626 ], [ 113.643219376673983, -8.18608264030085 ], [ 113.643050426437071, -8.185980569047178 ], [ 113.642852390326624, -8.185982972035742 ], [ 113.642686803554156, -8.18580238996751 ], [ 113.642504739403293, -8.185674608895297 ], [ 113.642348898583847, -8.185598245661694 ], [ 113.642153295139565, -8.185380274279417 ], [ 113.641984258567703, -8.185265304949006 ], [ 113.641750159643195, -8.185120337832561 ], [ 113.641719999979003, -8.184929999918776 ], [ 113.641749999563871, -8.184700000104115 ], [ 113.641839999217638, -8.184470000289455 ], [ 113.64200092300527, -8.184197333039698 ], [ 113.64208999995455, -8.183940000130139 ], [ 113.64204000034681, -8.183649999347196 ], [ 113.641950000692944, -8.183109999625991 ], [ 113.641799999171695, -8.182010000160609 ], [ 113.641760000024945, -8.181840000414862 ], [ 113.641780373266712, -8.181663431121631 ], [ 113.641703233018831, -8.181327983099116 ], [ 113.6415695353069, -8.180380380949035 ], [ 113.641649090234438, -8.180003178303295 ], [ 113.641678502561945, -8.179479027334445 ], [ 113.641875181595452, -8.179189058027834 ], [ 113.642050582669299, -8.179045149413298 ], [ 113.642467002051561, -8.178680030957917 ], [ 113.643214057184068, -8.178312747834269 ], [ 113.643654108951097, -8.178189070368489 ], [ 113.644116421636568, -8.178098192077108 ], [ 113.644347648126512, -8.178063732754246 ], [ 113.64464710258278, -8.178347297089282 ], [ 113.644891743360276, -8.17867514314252 ], [ 113.645158136040195, -8.178958920616839 ], [ 113.645149505246508, -8.179321370783875 ], [ 113.64526065965272, -8.179463404311836 ], [ 113.645405963115763, -8.179769937331869 ], [ 113.645605723226623, -8.179977279626936 ], [ 113.645859937287355, -8.180085430297577 ], [ 113.646664124550711, -8.180025253062205 ], [ 113.647083293160492, -8.180077412841545 ], [ 113.64756916988236, -8.180216992119725 ], [ 113.648151081608106, -8.180281784675756 ], [ 113.648336827583506, -8.180318857428535 ], [ 113.648273252709515, -8.179685256268819 ], [ 113.648276847299741, -8.178894557936676 ], [ 113.648346280357629, -8.178727183312027 ], [ 113.648229745307475, -8.178438030589817 ], [ 113.648122144122723, -8.178166394862483 ], [ 113.648046289006047, -8.17782968778906 ], [ 113.648074521423069, -8.177630805416534 ], [ 113.648241056080863, -8.177480364126708 ], [ 113.648938057646305, -8.17754607489065 ], [ 113.649281917027906, -8.177543819390952 ], [ 113.649670381883652, -8.177620340905232 ], [ 113.649733088012653, -8.177769279427903 ], [ 113.649988604291721, -8.177741245761048 ], [ 113.650839990674086, -8.177591005020044 ], [ 113.651115774974102, -8.17752300458223 ], [ 113.651187006676068, -8.177627959961551 ], [ 113.651326084132464, -8.17776943411128 ], [ 113.651444440309774, -8.177889829051608 ], [ 113.651603610419301, -8.177959066057248 ], [ 113.651753495928105, -8.177958083098289 ], [ 113.651858602393688, -8.177851969392023 ], [ 113.652024843872482, -8.177657601616193 ], [ 113.652156576565858, -8.177577670772116 ], [ 113.652253679065069, -8.177594602308289 ], [ 113.652359284654224, -8.177681118887701 ], [ 113.652397072368075, -8.177945071706947 ], [ 113.652398583229115, -8.178173477922844 ], [ 113.652391045111685, -8.178366803384439 ], [ 113.652409607118642, -8.178507246011833 ], [ 113.652486108847953, -8.178595743797732 ], [ 113.652604337321364, -8.178620175679761 ], [ 113.652709847582429, -8.17857555581649 ], [ 113.652841577577775, -8.178495624072955 ], [ 113.652972960434823, -8.178362982165098 ], [ 113.653078995000655, -8.178397427098758 ], [ 113.653221169722343, -8.178563411371574 ], [ 113.654005758959656, -8.178540687302103 ], [ 113.654012600102419, -8.178241945108898 ], [ 113.654833515655284, -8.178309540851856 ], [ 113.654933340402422, -8.178317759755991 ], [ 113.655080000042943, -8.177889999922748 ], [ 113.655200350017111, -8.177795438907552 ], [ 113.655203771937536, -8.177591618357692 ], [ 113.655356290661331, -8.177433657836229 ], [ 113.65540826158302, -8.177292752957353 ], [ 113.655425255172403, -8.177196002992336 ], [ 113.655477225194915, -8.17705509811346 ], [ 113.655546800345618, -8.176909684033927 ], [ 113.655643292205269, -8.176834375705109 ], [ 113.655838368646855, -8.177000012839517 ], [ 113.655901132332474, -8.177157735040595 ], [ 113.656113319275249, -8.177244189566888 ], [ 113.656272022636813, -8.177243148151934 ], [ 113.656509843855275, -8.177206444121275 ], [ 113.656588557017386, -8.177109288562033 ], [ 113.656816747396078, -8.176949654402186 ], [ 113.656886526692901, -8.176834986344737 ], [ 113.656944280255374, -8.176658902685439 ], [ 113.657070516292364, -8.176658071711838 ], [ 113.657398504438433, -8.176750763935779 ], [ 113.657859003191433, -8.176864338417687 ], [ 113.658342351919046, -8.176983545353565 ], [ 113.658607205858985, -8.177034512631874 ], [ 113.659172681575015, -8.177065122856362 ], [ 113.65999214921942, -8.177130820130472 ], [ 113.660080951875415, -8.177142290083815 ], [ 113.660385251878921, -8.17718159495384 ], [ 113.660549999583822, -8.177149999971743 ], [ 113.660739202553287, -8.177100294442273 ], [ 113.661270995960734, -8.177183892721683 ], [ 113.66187953211579, -8.177206239975153 ], [ 113.661853455373688, -8.176793286580118 ], [ 113.661893083999672, -8.176591189131297 ], [ 113.662122087365461, -8.176554538160595 ], [ 113.662103871597452, -8.1764668056977 ], [ 113.662609169178836, -8.176501206564655 ], [ 113.663133712252076, -8.176561150875592 ], [ 113.663150126678062, -8.176424846028983 ], [ 113.663243582426361, -8.175484140779641 ], [ 113.663648977019733, -8.175455111563366 ], [ 113.664200566304103, -8.17553383641658 ], [ 113.664355018570291, -8.175555879699246 ], [ 113.664866447729395, -8.175561291819331 ], [ 113.665182396651261, -8.175547962967265 ], [ 113.665689999195166, -8.175289999633016 ], [ 113.666078098926192, -8.17519797560524 ], [ 113.666659999860116, -8.175059999818355 ], [ 113.667868953090803, -8.174994054331329 ], [ 113.667669999671816, -8.174780000395952 ], [ 113.667568426642717, -8.174587542780063 ], [ 113.667626322298005, -8.17425166488168 ], [ 113.667633911676731, -8.174067126695704 ], [ 113.667641385042927, -8.173865017555702 ], [ 113.667525541571578, -8.173681295054934 ], [ 113.667054691621701, -8.173731350420653 ], [ 113.666779999998127, -8.173379999686457 ], [ 113.666770374554218, -8.173166023991961 ], [ 113.66670138396276, -8.173054202288863 ], [ 113.666664598993108, -8.172826031695156 ], [ 113.666684839135115, -8.172541009559129 ], [ 113.666652456346839, -8.172325358427777 ], [ 113.666642061982628, -8.172088226989292 ], [ 113.666654517592946, -8.171950038063034 ], [ 113.666692162314419, -8.171666208427951 ], [ 113.666743018076858, -8.171358392974646 ], [ 113.666803099984136, -8.171112012908253 ], [ 113.666809932133646, -8.170813273413067 ], [ 113.666834375706941, -8.17068716507978 ], [ 113.667179706379443, -8.170731766956727 ], [ 113.667522855296639, -8.170624080336218 ], [ 113.667655044845461, -8.170614423416154 ], [ 113.66784871924402, -8.17056921989283 ], [ 113.668069018071833, -8.170550194734936 ], [ 113.668209850105512, -8.170514125625548 ], [ 113.668403758327784, -8.170504063111171 ], [ 113.668510140931318, -8.170591211014731 ], [ 113.668765590660499, -8.170554383776938 ], [ 113.668959030336069, -8.170474041043317 ], [ 113.669214362253996, -8.170419643750691 ], [ 113.669329094163473, -8.17043645567712 ], [ 113.669541568889372, -8.170566831293378 ], [ 113.669780025928475, -8.170626753121411 ], [ 113.669978869630242, -8.170657658323453 ], [ 113.670106222625151, -8.170667145271747 ], [ 113.670568011005926, -8.170768724596165 ], [ 113.670113112331364, -8.170628571550552 ], [ 113.670219998555154, -8.169780000046199 ], [ 113.670209999892634, -8.169379999586511 ], [ 113.670123850236607, -8.16900624044483 ], [ 113.670166917869977, -8.168891144310074 ], [ 113.670135087265507, -8.168621960134502 ], [ 113.670073347907788, -8.168372927967436 ], [ 113.670082033560078, -8.168173318942749 ], [ 113.669999870598673, -8.167864554704661 ], [ 113.669837602324478, -8.167556321965861 ], [ 113.669845621579242, -8.167339446857145 ], [ 113.669964856393975, -8.167116467150446 ], [ 113.669973345094832, -8.166886926889337 ], [ 113.669781234617261, -8.166608824137132 ], [ 113.66963526655536, -8.166376224382386 ], [ 113.669670001070713, -8.166270000059626 ], [ 113.66983000035529, -8.16594000013011 ], [ 113.670150000722998, -8.16527999937162 ], [ 113.670240000376779, -8.165100000064161 ], [ 113.670258476948248, -8.164832074939497 ], [ 113.670359213607881, -8.164679332284528 ], [ 113.670438257720477, -8.164519169323412 ], [ 113.670366838959438, -8.164320089100084 ], [ 113.670285806445932, -8.164180937899211 ], [ 113.670214385886155, -8.163981856776424 ], [ 113.670242968139519, -8.163762161393826 ], [ 113.67040185226476, -8.163561561316211 ], [ 113.670401054566042, -8.163441833672856 ], [ 113.670320619202258, -8.163392477979723 ], [ 113.670189850582233, -8.163303544022547 ], [ 113.670038724908309, -8.163164855073244 ], [ 113.669907560586495, -8.1630160550461 ], [ 113.670007029202068, -8.162915624155918 ], [ 113.670066444711651, -8.162815454968484 ], [ 113.67018567323133, -8.162674981764216 ], [ 113.670234942589516, -8.162554925868324 ], [ 113.67025404059261, -8.162415112766428 ], [ 113.670133353372663, -8.162336091136833 ], [ 113.669892308983862, -8.162227926077168 ], [ 113.669678076083457, -8.162086758596175 ], [ 113.669441789108319, -8.161832207289741 ], [ 113.669454438972224, -8.161684487348396 ], [ 113.669577726132175, -8.161601411575113 ], [ 113.669726597205781, -8.161400878946566 ], [ 113.66979529731627, -8.161190897141378 ], [ 113.66983369207226, -8.160941203073289 ], [ 113.669787410261875, -8.160761796418956 ], [ 113.670060001069231, -8.160460000128154 ], [ 113.670189999869663, -8.160409999620953 ], [ 113.67036524715941, -8.160399562988594 ], [ 113.670460474572295, -8.160328433809337 ], [ 113.670670951004666, -8.160278034003319 ], [ 113.670760401172657, -8.160256613950743 ], [ 113.671020343015456, -8.160195032873705 ], [ 113.671350112718557, -8.160093082129237 ], [ 113.671507229675967, -8.160054987746655 ], [ 113.671541058574036, -8.159926232708646 ], [ 113.671658926419397, -8.15985158178427 ], [ 113.67185792660311, -8.159660694384783 ], [ 113.672136966448903, -8.159459301105041 ], [ 113.67214532025136, -8.159209804887755 ], [ 113.672033783633282, -8.159001012885668 ], [ 113.671881996957609, -8.158762553148467 ], [ 113.671760712587954, -8.158593733313378 ], [ 113.671609723610899, -8.158474999420882 ], [ 113.671508664094588, -8.158335980420393 ], [ 113.67147769593997, -8.158196498268964 ], [ 113.671477218400014, -8.157918418899122 ], [ 113.671484660289963, -8.157737483397341 ], [ 113.671363509019784, -8.157588618619059 ], [ 113.671213181943841, -8.157569656413742 ], [ 113.670932883047129, -8.157581481599284 ], [ 113.67070258285905, -8.15758299965492 ], [ 113.670549943626071, -8.157561938431932 ], [ 113.670480140047502, -8.157398737560893 ], [ 113.670500000675574, -8.157220000002184 ], [ 113.670570000306299, -8.156989999288243 ], [ 113.670679999983122, -8.156850000026637 ], [ 113.67074000005195, -8.156740000349981 ], [ 113.670729999590861, -8.156619999312696 ], [ 113.670649998599615, -8.156460000028208 ], [ 113.67049999887692, -8.156130000098603 ], [ 113.670379997839646, -8.15586999979989 ], [ 113.670189998970386, -8.15563999998523 ], [ 113.669795475382003, -8.155116826579476 ], [ 113.669730000240435, -8.155029999733852 ], [ 113.669679999733233, -8.154830000403333 ], [ 113.66969000109377, -8.154629999274253 ], [ 113.669790000309348, -8.154120000037189 ], [ 113.669859999940059, -8.153830000153526 ], [ 113.669839999917173, -8.153589999877784 ], [ 113.66981188621061, -8.153485576897033 ], [ 113.669777185869521, -8.15331426683916 ], [ 113.669702179712857, -8.153199454890146 ], [ 113.669700524060971, -8.152950026122017 ], [ 113.669789050625283, -8.152709980880111 ], [ 113.669893699335859, -8.152618714081637 ], [ 113.6700080751136, -8.15251896307889 ], [ 113.670150085259294, -8.15239819491995 ], [ 113.669879999963115, -8.15155999979331 ], [ 113.669770000286377, -8.151279998572257 ], [ 113.669640000586568, -8.151160001132361 ], [ 113.669340000241817, -8.150889998573739 ], [ 113.669239999227685, -8.15071000016556 ], [ 113.669140000012021, -8.150359999313704 ], [ 113.668999998951762, -8.149890000122582 ], [ 113.668870000151429, -8.149640000284951 ], [ 113.6687599995754, -8.149449999616952 ], [ 113.668369999576882, -8.149390000447319 ], [ 113.668259999000853, -8.149249999387152 ], [ 113.668339999992099, -8.149079999641494 ], [ 113.668398427146684, -8.148994605415936 ], [ 113.668469999691737, -8.148889999872775 ], [ 113.668500001075245, -8.14877999929675 ], [ 113.668460000129926, -8.148649998697664 ], [ 113.668310001306622, -8.148579999966231 ], [ 113.667899998587103, -8.148689999642976 ], [ 113.667745000432433, -8.148689999642976 ], [ 113.667669999671816, -8.148469999390116 ], [ 113.667720001078209, -8.148230000013744 ], [ 113.667769998887394, -8.147689999393169 ], [ 113.667899998587103, -8.147220001101328 ], [ 113.668279999023738, -8.146819999742359 ], [ 113.668349999553911, -8.146670000019672 ], [ 113.668200000730508, -8.146499999374644 ], [ 113.668059999670248, -8.146380000136098 ], [ 113.667979999578364, -8.146250000436382 ], [ 113.667940001331061, -8.146139999860267 ], [ 113.667979999578364, -8.146059998869102 ], [ 113.668330001329494, -8.145970000114609 ], [ 113.668550000682984, -8.145910000045696 ], [ 113.668729999990532, -8.145800000368951 ], [ 113.668830000105487, -8.145689999792836 ], [ 113.668810000082516, -8.145580000116091 ], [ 113.6686906591476, -8.145482345433084 ], [ 113.668490000614071, -8.145430000393404 ], [ 113.668159998885912, -8.145459999978176 ], [ 113.668019999624306, -8.145470000439346 ], [ 113.667810000731976, -8.145259999748376 ], [ 113.667770000686033, -8.145150000071631 ], [ 113.667760000224959, -8.145020000371915 ], [ 113.667649999648845, -8.144849999726887 ], [ 113.667410000272298, -8.144659999958169 ], [ 113.667230000065473, -8.144609998551775 ], [ 113.666839999167664, -8.144509999336201 ], [ 113.666516670408967, -8.144405742730008 ], [ 113.66627907761837, -8.144351885930011 ], [ 113.66601828321825, -8.144283757788394 ], [ 113.665877179589202, -8.144144996893264 ], [ 113.665845821128755, -8.143945651369886 ], [ 113.665954178643446, -8.143675542691351 ], [ 113.66613236042113, -8.143365066144124 ], [ 113.666160350021187, -8.143055576153156 ], [ 113.66619881672311, -8.142815859163786 ], [ 113.666217716875124, -8.142646114825556 ], [ 113.666186094913456, -8.142406860087668 ], [ 113.666184643407604, -8.142187361656593 ], [ 113.666185476179862, -8.141856976817195 ], [ 113.666220797053114, -8.141598445111374 ], [ 113.666379018378038, -8.14129807514523 ], [ 113.666486642045882, -8.141145820822125 ], [ 113.666631995870944, -8.140942207116407 ], [ 113.666835770555366, -8.140716371162824 ], [ 113.667075017199281, -8.140555156894134 ], [ 113.667273642365814, -8.140359851125421 ], [ 113.667252270876702, -8.140104997646745 ], [ 113.66723124832447, -8.139941794977055 ], [ 113.666860000090011, -8.139619999562473 ], [ 113.66619000066909, -8.138919999657411 ], [ 113.66611539201277, -8.138815547898346 ], [ 113.665919999909107, -8.138544998552042 ], [ 113.665550735578975, -8.138057458983681 ], [ 113.665229999565852, -8.137619999962229 ], [ 113.665139999912071, -8.137379999686488 ], [ 113.665199999081807, -8.137159999433628 ], [ 113.665380000187909, -8.136920000057167 ], [ 113.665830014644456, -8.136651169315233 ], [ 113.665959999955149, -8.136590000127651 ], [ 113.666113105036828, -8.136504614895255 ], [ 113.666479999653376, -8.136299999344708 ], [ 113.666860000090011, -8.13614999962202 ], [ 113.667279999673298, -8.135979999876273 ], [ 113.667422418111229, -8.13590318967967 ], [ 113.667541208660893, -8.135889717835408 ], [ 113.667849480070444, -8.1358547548922 ], [ 113.66891552832999, -8.135733847338365 ], [ 113.669618751405309, -8.136002348928482 ], [ 113.670356530930249, -8.135604639941405 ], [ 113.670465214898826, -8.135384417556011 ], [ 113.670464621346241, -8.13529462384701 ], [ 113.670473839397189, -8.135174830553147 ], [ 113.670592600269259, -8.134964519596142 ], [ 113.670741992949615, -8.134843806295809 ], [ 113.673094311853987, -8.13425234287055 ], [ 113.673200001080161, -8.134799999419638 ], [ 113.673250162565978, -8.134983932361759 ], [ 113.673360000364823, -8.135129999349243 ], [ 113.673459999580317, -8.135309999556071 ], [ 113.673660000709575, -8.135649999946757 ] ], [ [ 113.668933629884108, -8.194157209586759 ], [ 113.669054343184527, -8.194333377782346 ], [ 113.669077171575253, -8.194296689040169 ], [ 113.668933629884108, -8.194157209586759 ] ] ] } },
{ "type": "Feature", "properties": { "KECAMATAN": "AJUNG" }, "geometry": { "type": "Polygon", "coordinates": [ [ [ 113.663619999964126, -8.197899999984191 ], [ 113.663711232588426, -8.198236862640272 ], [ 113.663750000563127, -8.198379999636483 ], [ 113.664000001300124, -8.198690000442397 ], [ 113.664289999385048, -8.199029999933803 ], [ 113.664520000098989, -8.199279999771345 ], [ 113.664800001320046, -8.199520000047176 ], [ 113.665199999981084, -8.199669999769863 ], [ 113.665489999864661, -8.199729999838866 ], [ 113.665760000624545, -8.199729999838866 ], [ 113.666020000023963, -8.199629999723921 ], [ 113.666249999838627, -8.199409998571781 ], [ 113.666450000068522, -8.199020000371913 ], [ 113.666620000713465, -8.198639999935285 ], [ 113.666699999906058, -8.198509999336199 ], [ 113.666925001288831, -8.198469998390888 ], [ 113.667250000088529, -8.198379999636483 ], [ 113.667634774126583, -8.198379999636483 ], [ 113.668310001306622, -8.198379999636483 ], [ 113.668750000013603, -8.198300000443879 ], [ 113.668970000266285, -8.198199999429654 ], [ 113.669260000149933, -8.198040000145077 ], [ 113.669750000263321, -8.19789000042239 ], [ 113.670009999662838, -8.19789000042239 ], [ 113.670319999569386, -8.197929999568963 ], [ 113.670440000606575, -8.197940000030222 ], [ 113.670639999937094, -8.197899999984191 ], [ 113.67092000025886, -8.197659999708449 ], [ 113.671300000695496, -8.197379999386676 ], [ 113.671480000003044, -8.197349999801904 ], [ 113.671879999563458, -8.197339999340645 ], [ 113.672349999653761, -8.197419999432618 ], [ 113.67254000032176, -8.197530000008644 ], [ 113.67297000036622, -8.19789000042239 ], [ 113.673439999557345, -8.198240000374966 ], [ 113.673880000063065, -8.198599999889254 ], [ 113.674259999600409, -8.199029999933803 ], [ 113.674460000729496, -8.199439999955203 ], [ 113.674380000637612, -8.199789999907779 ], [ 113.674189999070236, -8.200629999973728 ], [ 113.674319999669237, -8.200759999673444 ], [ 113.674507642314921, -8.20088509357144 ], [ 113.674869999851694, -8.201030000433416 ], [ 113.675480000102993, -8.20128999983276 ], [ 113.67578000044773, -8.201510000085619 ], [ 113.675989999339961, -8.2017499985628 ], [ 113.676170001345525, -8.202119999437627 ], [ 113.676209999592828, -8.202410001119851 ], [ 113.676209999592828, -8.202629999573972 ], [ 113.676221959676681, -8.203065874889457 ], [ 113.676289999684712, -8.20326999941021 ], [ 113.676400000260827, -8.203379999986236 ], [ 113.676560001343958, -8.20346000007812 ], [ 113.677630000325294, -8.203910000145552 ], [ 113.677982522876178, -8.204189079561573 ], [ 113.678109999977579, -8.204289999682899 ], [ 113.678470000391243, -8.20452999995873 ], [ 113.678564234053184, -8.204556384268933 ], [ 113.678453191162916, -8.206132113405527 ], [ 113.680402975318117, -8.20624772485181 ], [ 113.680274480184124, -8.207174962753559 ], [ 113.679933146998223, -8.20901236672653 ], [ 113.682151971437435, -8.209505262656911 ], [ 113.683043928935248, -8.209995984026673 ], [ 113.682411403364654, -8.211229760344317 ], [ 113.682630402671975, -8.211466560832335 ], [ 113.683656230551591, -8.210762999611941 ], [ 113.684276492067511, -8.212448859726294 ], [ 113.684476150554943, -8.212842031633681 ], [ 113.684479076049541, -8.213038133302362 ], [ 113.684631917630014, -8.213353241358188 ], [ 113.684724865261373, -8.213680358061247 ], [ 113.684844627978279, -8.214012814938652 ], [ 113.684727296128798, -8.214041982650631 ], [ 113.68454725005661, -8.214167498330614 ], [ 113.684587881426609, -8.214301079130635 ], [ 113.683978723840113, -8.216252315691051 ], [ 113.683790000209342, -8.216529999359199 ], [ 113.683726143847451, -8.216794054701058 ], [ 113.683724493591512, -8.216828317072398 ], [ 113.684214159157122, -8.217017648644774 ], [ 113.685021041688756, -8.217238287416293 ], [ 113.685234640567259, -8.217258457411123 ], [ 113.685462661873444, -8.217122324335023 ], [ 113.685814146606589, -8.217097374443448 ], [ 113.685861573254087, -8.217402191557042 ], [ 113.68597884125154, -8.217454354034402 ], [ 113.686314536587687, -8.217286152932822 ], [ 113.686444244907051, -8.216934398402962 ], [ 113.686708806567282, -8.21687667271944 ], [ 113.687003574656245, -8.216852101442516 ], [ 113.687220343644952, -8.216799262675021 ], [ 113.687449999918599, -8.216519999797399 ], [ 113.687580001417047, -8.216179999406624 ], [ 113.68789999998603, -8.21546999993976 ], [ 113.688069999731781, -8.215149998672675 ], [ 113.688140001161145, -8.215059999918271 ], [ 113.688249999938606, -8.214929999319185 ], [ 113.688907853116049, -8.214488851278688 ], [ 113.689099999566352, -8.214360000013208 ], [ 113.689310001156599, -8.214270000359434 ], [ 113.689649998849362, -8.214250000336463 ], [ 113.690000000600591, -8.214270000359434 ], [ 113.690219999954166, -8.214239998976012 ], [ 113.690509999837644, -8.214050000106663 ], [ 113.690930000320307, -8.213789999807862 ], [ 113.69122509396405, -8.21374182312584 ], [ 113.691420000433681, -8.213709998816608 ], [ 113.69171000121662, -8.213660000108145 ], [ 113.692009998863441, -8.213589999577973 ], [ 113.692209999992514, -8.213439999855286 ], [ 113.692295098341248, -8.213378952076187 ], [ 113.692705000336531, -8.213084999672258 ], [ 113.692862960858079, -8.212953433353441 ], [ 113.693100000565664, -8.212650000296449 ], [ 113.693220000703491, -8.212419999582508 ], [ 113.693359999065734, -8.21225999939865 ], [ 113.693760000424703, -8.212060000068131 ], [ 113.694039998947829, -8.211939999930216 ], [ 113.694520000398683, -8.211750000161587 ], [ 113.694739997953519, -8.211630000023671 ], [ 113.695105561573428, -8.211461279113983 ], [ 113.695390000049571, -8.211329999678927 ], [ 113.696865340564045, -8.211067344581434 ], [ 113.696968596224778, -8.21093137428268 ], [ 113.697218061865101, -8.210918400662901 ], [ 113.697398097145566, -8.210702470741669 ], [ 113.697492475598352, -8.210603502149148 ], [ 113.697690947879977, -8.210395374745925 ], [ 113.697994737967818, -8.210156686580959 ], [ 113.698233189611045, -8.210064006947569 ], [ 113.698709510136837, -8.210049511674853 ], [ 113.699163222605677, -8.210046468368979 ], [ 113.699525343620707, -8.210084319035314 ], [ 113.699901267430661, -8.21015452910747 ], [ 113.700242772387156, -8.210333055325457 ], [ 113.700584735997822, -8.210579386828474 ], [ 113.701290664233866, -8.210970189022191 ], [ 113.701939344326348, -8.211282262765394 ], [ 113.702518820688084, -8.211425289145023 ], [ 113.703075304982377, -8.211523260389384 ], [ 113.703779706169627, -8.211688044067198 ], [ 113.704381715045173, -8.211808310404443 ], [ 113.704506772070886, -8.211849848291084 ], [ 113.705517523715756, -8.212026694575545 ], [ 113.706210275085184, -8.212146346675773 ], [ 113.706664140438747, -8.212165897937005 ], [ 113.706989167117385, -8.212177992919266 ], [ 113.707435678714688, -8.212194608793364 ], [ 113.708036538256721, -8.212145361018795 ], [ 113.709817043023094, -8.212088167733931 ], [ 113.710124317983954, -8.212092535741132 ], [ 113.7103280800779, -8.212175133974451 ], [ 113.711555473907055, -8.212517195611245 ], [ 113.712770528138421, -8.212712423138989 ], [ 113.713235813083301, -8.212816731905857 ], [ 113.713359998666093, -8.212820000042107 ], [ 113.713481595100617, -8.212779086285014 ], [ 113.71362720793033, -8.212642040397043 ], [ 113.713777418993828, -8.212321397014087 ], [ 113.714045190334303, -8.211664131093997 ], [ 113.714279701148357, -8.211120098812728 ], [ 113.714470221624552, -8.210779781860687 ], [ 113.714671700339778, -8.210382887659271 ], [ 113.714866015954925, -8.210066776859424 ], [ 113.71496587397705, -8.209950945978537 ], [ 113.71505891333922, -8.209848596834533 ], [ 113.715211844851822, -8.209746387085335 ], [ 113.715370565300432, -8.209734015111934 ], [ 113.716165855570779, -8.209920764730725 ], [ 113.716633417599169, -8.210019876315442 ], [ 113.717767546336319, -8.210260281286129 ], [ 113.717895790559368, -8.210320064618458 ], [ 113.718086004366654, -8.210228353554914 ], [ 113.718290000284327, -8.210130000098601 ], [ 113.718385311334131, -8.210084417061434 ], [ 113.71881856332709, -8.209688132600455 ], [ 113.719314022325264, -8.209153639428067 ], [ 113.719776373681754, -8.208754980756925 ], [ 113.719960610594768, -8.208610123357694 ], [ 113.72034073243988, -8.208344331424964 ], [ 113.720645286951452, -8.208093650800528 ], [ 113.720996828342024, -8.208079973910863 ], [ 113.721586179259788, -8.208008183729863 ], [ 113.721982628296672, -8.207926396685082 ], [ 113.722361986617429, -8.207776553444333 ], [ 113.722739647917436, -8.207491839775781 ], [ 113.723055467336934, -8.207229780928891 ], [ 113.723475940863068, -8.207000917857286 ], [ 113.724211320097467, -8.2070637480927 ], [ 113.725051432578653, -8.207171071387041 ], [ 113.725650086083647, -8.207245271751116 ], [ 113.725867685146582, -8.207272242419304 ], [ 113.726175336923347, -8.207310372774621 ], [ 113.727400938403662, -8.207392479078866 ], [ 113.727597758630708, -8.207405771958019 ], [ 113.728161269328183, -8.207443830367687 ], [ 113.728532599401007, -8.207409425004151 ], [ 113.728618457676703, -8.207498811320278 ], [ 113.728800001120263, -8.20753999937067 ], [ 113.728886917897952, -8.207569123915135 ], [ 113.730710000167363, -8.2081800001061 ], [ 113.731160001134171, -8.20839999856031 ], [ 113.732077521861214, -8.20855956886821 ], [ 113.732080000392813, -8.208559999643448 ], [ 113.731869999701757, -8.208969999664937 ], [ 113.731450000118457, -8.209519999847313 ], [ 113.731160001134171, -8.209829999753858 ], [ 113.73108000014291, -8.209949999891773 ], [ 113.731092730046527, -8.210122551913422 ], [ 113.731120882423852, -8.210364605341478 ], [ 113.73112959055922, -8.210506488682732 ], [ 113.731150398173426, -8.210882043770471 ], [ 113.731128402554774, -8.211464540055633 ], [ 113.730934456560931, -8.211595266407599 ], [ 113.7308084480525, -8.211554367938898 ], [ 113.730649999199173, -8.211659998709163 ], [ 113.730370000676047, -8.211759998824107 ], [ 113.73013999996202, -8.211769999285277 ], [ 113.729909232126332, -8.211785805769487 ], [ 113.729409999572908, -8.211819999792301 ], [ 113.729220000703549, -8.211919999907245 ], [ 113.729130000150505, -8.21202999958399 ], [ 113.729039999597362, -8.21225999939865 ], [ 113.729039999597362, -8.212490000112592 ], [ 113.729130000150505, -8.212949999741912 ], [ 113.729299999896156, -8.21333999974043 ], [ 113.729529999710735, -8.213779999346691 ], [ 113.729760000424761, -8.214070000129635 ], [ 113.729919999709338, -8.214289998583755 ], [ 113.730099999016801, -8.214539999320756 ], [ 113.730260000099932, -8.214929999319185 ], [ 113.730240000076961, -8.215099999964213 ], [ 113.730150001322471, -8.21526000104744 ], [ 113.730059999870136, -8.215369999824816 ], [ 113.729899999686282, -8.215539999570563 ], [ 113.729600000240907, -8.215759999823334 ], [ 113.729390001348492, -8.215850000376388 ], [ 113.729278925183252, -8.215866454372598 ], [ 113.728845335045236, -8.215711744000973 ], [ 113.728326553029135, -8.215718193039343 ], [ 113.727858446910915, -8.215757262287003 ], [ 113.727417975160549, -8.215928485110656 ], [ 113.727146182051641, -8.216072678810303 ], [ 113.726537383294641, -8.216322687641096 ], [ 113.726304466978618, -8.216453676595091 ], [ 113.726277705852425, -8.216599018728886 ], [ 113.726254366646828, -8.216725779070664 ], [ 113.726303621615912, -8.216835892061923 ], [ 113.726239999977111, -8.216940000279969 ], [ 113.726067308560474, -8.217304253587663 ], [ 113.725930000070562, -8.217329999379118 ], [ 113.725504019096249, -8.21734893280621 ], [ 113.724809999682748, -8.217279999771375 ], [ 113.724289999984521, -8.21715999873409 ], [ 113.723770000286279, -8.217000000348971 ], [ 113.723629999226119, -8.217080000440856 ], [ 113.723520001348021, -8.217219999702461 ], [ 113.723420000333789, -8.217450000416402 ], [ 113.723090001303561, -8.218269999560011 ], [ 113.722920000658533, -8.218389999697926 ], [ 113.722669999921621, -8.21844999976684 ], [ 113.722429999645783, -8.218420001081348 ], [ 113.722259999000855, -8.218329999628924 ], [ 113.722090000154481, -8.218130000298494 ], [ 113.721920001308007, -8.217809999930779 ], [ 113.721650259552945, -8.217366853596573 ], [ 113.72142000073346, -8.217349999402089 ], [ 113.720730001289567, -8.21739999990929 ], [ 113.720489492896817, -8.217475587927268 ], [ 113.720380001337077, -8.217509998686666 ], [ 113.720150000623136, -8.217629998824581 ], [ 113.719930000370283, -8.217760000322947 ], [ 113.71954195100129, -8.2180704390987 ], [ 113.719429998896459, -8.218159999883355 ], [ 113.719347108383431, -8.218233806344298 ], [ 113.718700000305816, -8.218809999281216 ], [ 113.718580001067266, -8.218919999857331 ], [ 113.71828000072253, -8.219329999878731 ], [ 113.71813999966227, -8.219609999301223 ], [ 113.718035202563541, -8.219990392741614 ], [ 113.717980001277056, -8.220339999690427 ], [ 113.717969999916619, -8.220729999688945 ], [ 113.717949999893648, -8.221159999733405 ], [ 113.717927285716797, -8.221500726776341 ], [ 113.717920706276601, -8.221599404887801 ], [ 113.717810000632127, -8.221839999615497 ], [ 113.717630001324579, -8.222049999407187 ], [ 113.717396663226481, -8.222201080114953 ], [ 113.717060000219945, -8.222309999705899 ], [ 113.716720000728543, -8.22233999929076 ], [ 113.714720000228937, -8.222509999935788 ], [ 113.713851369346244, -8.222595160337541 ], [ 113.71315460610127, -8.222669762698541 ], [ 113.712320000168916, -8.222899999934306 ], [ 113.71211000127667, -8.223040000095104 ], [ 113.711790000009501, -8.223350000001648 ], [ 113.71154000017188, -8.223659999908282 ], [ 113.711480000102966, -8.223730000438366 ], [ 113.710969999966522, -8.224369999375146 ], [ 113.710800000220871, -8.224379998937035 ], [ 113.710440000706484, -8.224349999352174 ], [ 113.709946081347653, -8.22427435467694 ], [ 113.709329999880651, -8.224179999606516 ], [ 113.709100000066002, -8.224210000090658 ], [ 113.708724046578638, -8.22431651939106 ], [ 113.708500000275876, -8.224379998937035 ], [ 113.70805000020836, -8.224600000089175 ], [ 113.707919999609274, -8.224759999373664 ], [ 113.707690000693987, -8.225014999441836 ], [ 113.707439730160445, -8.225371588727047 ], [ 113.707119999589352, -8.225879999761386 ], [ 113.706900000235947, -8.226129998699648 ], [ 113.706659999960038, -8.2264000003589 ], [ 113.706330000030519, -8.226590000127619 ], [ 113.705970001415508, -8.226719999827335 ], [ 113.705389999849714, -8.22683999996525 ], [ 113.704854946399635, -8.226946630781605 ], [ 113.704520000198997, -8.227009998811539 ], [ 113.704310000407219, -8.227109999825853 ], [ 113.704090000154451, -8.227310000055652 ], [ 113.704003774056005, -8.227411701687835 ], [ 113.703723989571444, -8.22774170161744 ], [ 113.703569999556834, -8.228009999960715 ], [ 113.703350000203358, -8.228589999727863 ], [ 113.703246900125365, -8.228993023708274 ], [ 113.703180534655004, -8.229572182609289 ], [ 113.703169999996618, -8.229670000069643 ], [ 113.703129999950676, -8.230829999604026 ], [ 113.703207776918475, -8.231091017935331 ], [ 113.703680000132948, -8.232299999944235 ], [ 113.70372000017889, -8.232559999343668 ], [ 113.703837545167659, -8.233554609057101 ], [ 113.703849999878699, -8.233659999708419 ], [ 113.703800000270775, -8.233739999800303 ], [ 113.703620000064035, -8.23409999931468 ], [ 113.703499999926038, -8.234199999429624 ], [ 113.7033900002493, -8.234300000443849 ], [ 113.703129999950676, -8.234430000143565 ], [ 113.70286000009007, -8.234470001088877 ], [ 113.702590000229378, -8.234509999336169 ], [ 113.70241999958435, -8.23455999984337 ], [ 113.702178114329499, -8.234690564317269 ], [ 113.702009999562861, -8.234840000165054 ], [ 113.701830000255313, -8.23498000032594 ], [ 113.701610000002546, -8.235210000140601 ], [ 113.701460000279852, -8.235369999425089 ], [ 113.701310000557072, -8.23560999970092 ], [ 113.701229999565825, -8.235919999607553 ], [ 113.701229999565825, -8.236195161576674 ], [ 113.701290001433478, -8.237140001009411 ], [ 113.701290001433478, -8.237709999416197 ], [ 113.701240000027084, -8.238009999760852 ], [ 113.701079999843131, -8.23841999888306 ], [ 113.700670000721104, -8.239159998834065 ], [ 113.700259998900876, -8.239769999984723 ], [ 113.699579999918157, -8.240639998736164 ], [ 113.699189999919639, -8.240950000441359 ], [ 113.69899000058912, -8.241140001109358 ], [ 113.698909999597859, -8.241370000024649 ], [ 113.698920000059033, -8.241549999332197 ], [ 113.69899000058912, -8.24163999988534 ], [ 113.699350640420803, -8.24204563999351 ], [ 113.699220000403784, -8.242219998753118 ], [ 113.69904000019686, -8.242329999329232 ], [ 113.698510000037544, -8.242589998728665 ], [ 113.698240000176938, -8.242860000387918 ], [ 113.698150001422533, -8.243070001078888 ], [ 113.697119998889846, -8.243059999718437 ], [ 113.696554649078877, -8.24310655941942 ], [ 113.696270000161462, -8.24312999934924 ], [ 113.695030001434475, -8.24312999934924 ], [ 113.693680001232096, -8.243149999372211 ], [ 113.691920000109036, -8.243290000432378 ], [ 113.691280001172075, -8.243270000409407 ], [ 113.69081522614286, -8.243260249959715 ], [ 113.68984999997862, -8.243239999925265 ], [ 113.688649998599644, -8.243380000086152 ], [ 113.687839999917031, -8.243420000132094 ], [ 113.686930000220372, -8.243499999324698 ], [ 113.686804826282838, -8.243511510646904 ], [ 113.686059999670277, -8.243579999416582 ], [ 113.685569999556805, -8.243549998932529 ], [ 113.685140000411721, -8.243489999762897 ], [ 113.684650000298348, -8.243469999739926 ], [ 113.684410000022609, -8.243509999785868 ], [ 113.68411999923967, -8.243660000407925 ], [ 113.68393000037031, -8.243849999277273 ], [ 113.683849999379063, -8.24397999987627 ], [ 113.683840000716458, -8.244100000014186 ], [ 113.683891450031396, -8.244494454354754 ], [ 113.68393000037031, -8.244789998558797 ], [ 113.684019999124715, -8.245549999432143 ], [ 113.684040000047062, -8.245869999799858 ], [ 113.68400000000112, -8.246029999983715 ], [ 113.683879999863194, -8.246199999729374 ], [ 113.683569999956575, -8.24654999968195 ], [ 113.683210000442273, -8.246859998689125 ], [ 113.682830000005566, -8.247099999864325 ], [ 113.682339998992816, -8.247349998802587 ], [ 113.681550000333345, -8.247739999700386 ], [ 113.681209999942581, -8.247970000414416 ], [ 113.680670000221454, -8.248419998683197 ], [ 113.680369999876717, -8.248750000411363 ], [ 113.680310000706996, -8.24890999879657 ], [ 113.680216752702037, -8.248897225725525 ], [ 113.680133697613087, -8.249108167107398 ], [ 113.679715514660302, -8.249472861082861 ], [ 113.679085478413214, -8.249610406993877 ], [ 113.678874524440872, -8.249516580724812 ], [ 113.678147220219131, -8.249407162010101 ], [ 113.677228979135165, -8.249337112017272 ], [ 113.677137686256316, -8.249323267853679 ], [ 113.676921285090344, -8.249290451592326 ], [ 113.676766345391584, -8.249266956803812 ], [ 113.676632939959291, -8.249246726554336 ], [ 113.67638683238745, -8.249209408286749 ], [ 113.675693676323178, -8.249123690305325 ], [ 113.674779398551465, -8.249010624839713 ], [ 113.673764921015348, -8.248845971563544 ], [ 113.673076112273833, -8.248774381031996 ], [ 113.672692830210949, -8.248643606116744 ], [ 113.671945894688278, -8.248458116448052 ], [ 113.671237069735938, -8.248253321932484 ], [ 113.670681714090819, -8.24812369365273 ], [ 113.67012635664706, -8.247994063574325 ], [ 113.669667364258515, -8.247978075427074 ], [ 113.669093272137829, -8.247905712377921 ], [ 113.668576152968214, -8.247775825093438 ], [ 113.668223217628423, -8.247687177120742 ], [ 113.668010000062509, -8.247690000092643 ], [ 113.667450000318325, -8.247679998732192 ], [ 113.66710999902827, -8.247679998732192 ], [ 113.667239999627355, -8.247879999861272 ], [ 113.667410000272298, -8.248259999398709 ], [ 113.667572638167798, -8.248602653688717 ], [ 113.667456956574341, -8.248675259554748 ], [ 113.666938659292811, -8.248796239953691 ], [ 113.666595020245012, -8.248874716594077 ], [ 113.666194534151472, -8.249029762412839 ], [ 113.665966631555833, -8.249259847663069 ], [ 113.665718079626657, -8.249261503314951 ], [ 113.665412293943319, -8.249282584323002 ], [ 113.665107022672032, -8.249379854995496 ], [ 113.665012316865983, -8.249513815309538 ], [ 113.664687924209346, -8.249611210088446 ], [ 113.66428615927984, -8.249575787591688 ], [ 113.663922888031905, -8.249578204070083 ], [ 113.663693453890801, -8.249579731118882 ], [ 113.663349303128953, -8.249582018094912 ], [ 113.662947790908859, -8.249584687282628 ], [ 113.662547175312966, -8.249720682762483 ], [ 113.662051085889999, -8.249876360804585 ], [ 113.661650723003518, -8.250050448868283 ], [ 113.661058781138834, -8.250168667449252 ], [ 113.660671587025178, -8.250229156749398 ], [ 113.660294762094622, -8.250288027269857 ], [ 113.659836401030148, -8.250367262038736 ], [ 113.659511750268138, -8.250426559737132 ], [ 113.659034523225728, -8.250544013894377 ], [ 113.658786858927414, -8.250678990442182 ], [ 113.658499938322535, -8.250661846666095 ], [ 113.658271137304126, -8.250758603825712 ], [ 113.658022582677035, -8.250760252282994 ], [ 113.657793782558088, -8.250857009442612 ], [ 113.657740372721008, -8.25144783704723 ], [ 113.657339367718734, -8.251526687805598 ], [ 113.656861884369519, -8.251606045781521 ], [ 113.656519382964234, -8.251855936801221 ], [ 113.656502937961278, -8.252256044280191 ], [ 113.65644697944559, -8.252465938851159 ], [ 113.655989250604534, -8.252640402831489 ], [ 113.655531647668454, -8.252833913553424 ], [ 113.65520877396682, -8.253159863835833 ], [ 113.655077227433154, -8.253503591916498 ], [ 113.654888699854723, -8.253904839735736 ], [ 113.654775721623324, -8.25433424173103 ], [ 113.653570000556073, -8.254679998682189 ], [ 113.653471799085295, -8.25469518373496 ], [ 113.653249607184677, -8.254696657723802 ], [ 113.652580282255244, -8.254682047337834 ], [ 113.651979242848824, -8.254686028636502 ], [ 113.651781615929821, -8.254686784966346 ], [ 113.650937227172321, -8.254678590343854 ], [ 113.650760927675719, -8.254642486161011 ], [ 113.650583727957709, -8.254608409050011 ], [ 113.649600000040977, -8.254329998729613 ], [ 113.64875000041323, -8.254149999422154 ], [ 113.648580000667494, -8.254130000298463 ], [ 113.648229998916349, -8.254199999929266 ], [ 113.648052877439312, -8.254282658417143 ], [ 113.647780000647572, -8.254409999720867 ], [ 113.647440000256879, -8.254719998728131 ], [ 113.647310593210378, -8.255168224433216 ], [ 113.647361054170318, -8.255750344801747 ], [ 113.64738000018788, -8.256079999391684 ], [ 113.64741366720807, -8.256404656448922 ], [ 113.647468178714576, -8.256930287701845 ], [ 113.647484252297403, -8.257085292151743 ], [ 113.647257218446924, -8.258127342002417 ], [ 113.647164920126031, -8.258485506899802 ], [ 113.647067504662687, -8.258859377557435 ], [ 113.647517624339955, -8.258878423399761 ], [ 113.647513727577575, -8.259007025552954 ], [ 113.647676274641384, -8.259057381292354 ], [ 113.647793155930472, -8.259380415972604 ], [ 113.647890536320276, -8.259646440829769 ], [ 113.647644514184009, -8.260029022320701 ], [ 113.64747471588646, -8.260373004010145 ], [ 113.647419514599974, -8.26069717903075 ], [ 113.647307206363493, -8.261059827947957 ], [ 113.647132310708557, -8.261001810884093 ], [ 113.647024803952604, -8.260986949587277 ], [ 113.64677056830817, -8.260872902961268 ], [ 113.646458654644192, -8.260709829794031 ], [ 113.646180277598788, -8.260567612804291 ], [ 113.645754267846243, -8.260441528752736 ], [ 113.645544072002394, -8.260461966745545 ], [ 113.645507100873047, -8.260652687770474 ], [ 113.645241700145419, -8.260997302582627 ], [ 113.645030995285282, -8.260941551810362 ], [ 113.644725365184513, -8.261104034123122 ], [ 113.644690509260585, -8.261496187098547 ], [ 113.644617322432509, -8.261854257567112 ], [ 113.644706238403273, -8.262092391749619 ], [ 113.644617834146743, -8.262068098363294 ], [ 113.644714451911469, -8.262219841871364 ], [ 113.644640002435281, -8.262525097854166 ], [ 113.644202769143575, -8.262908941993217 ], [ 113.643708428002583, -8.263331260928151 ], [ 113.643615490263741, -8.263731877423417 ], [ 113.643807550379194, -8.264089602552314 ], [ 113.64381126457917, -8.264416301070597 ], [ 113.643449622902821, -8.264666310800848 ], [ 113.643242520726886, -8.264747238093804 ], [ 113.64295375741105, -8.264860067936961 ], [ 113.642783701008042, -8.265165956143193 ], [ 113.64222698199066, -8.265402857355173 ], [ 113.641907705577182, -8.265705081723372 ], [ 113.641967223609555, -8.266028501313503 ], [ 113.64193625005899, -8.266289382947932 ], [ 113.641741834618969, -8.266639516899364 ], [ 113.641782105360903, -8.266944014753673 ], [ 113.641727533599848, -8.267363427079697 ], [ 113.641672709129281, -8.26774474502314 ], [ 113.641407681620279, -8.268146499160832 ], [ 113.64114189418413, -8.268433971949428 ], [ 113.640780755228761, -8.268760170444665 ], [ 113.640387616596271, -8.269038033977292 ], [ 113.640095576151026, -8.269240889554606 ], [ 113.640078864948734, -8.269602908946315 ], [ 113.640079507963975, -8.269699678696394 ], [ 113.640080767014879, -8.269888612768426 ], [ 113.640006692555872, -8.270251009875416 ], [ 113.639702662348995, -8.27053873537351 ], [ 113.639686328861984, -8.270957894990037 ], [ 113.639631123078928, -8.271282070910011 ], [ 113.639595202357782, -8.271630838791431 ], [ 113.639597447065668, -8.271968014411566 ], [ 113.639523499410998, -8.272349457360704 ], [ 113.639465699983177, -8.272538084764001 ], [ 113.639375416143565, -8.272523709101119 ], [ 113.639159024870224, -8.272829754688658 ], [ 113.638832408190211, -8.272984221343947 ], [ 113.638659410104765, -8.273246463652615 ], [ 113.638332794324029, -8.273400929408623 ], [ 113.638072426202569, -8.273663749981306 ], [ 113.637788477857015, -8.273665625967073 ], [ 113.637349756187447, -8.273385663416864 ], [ 113.637110071573602, -8.273474279913316 ], [ 113.637133793890513, -8.273756981798417 ], [ 113.637093151728692, -8.27421417644225 ], [ 113.636942862424235, -8.274606820447648 ], [ 113.636529743553822, -8.274892405559296 ], [ 113.636226269128059, -8.275242544007398 ], [ 113.635898781005039, -8.27526646327583 ], [ 113.635680794334192, -8.275333176783882 ], [ 113.635508226124784, -8.275660692785934 ], [ 113.635291538974343, -8.275923223776925 ], [ 113.634792496177823, -8.276426960135328 ], [ 113.634338003097497, -8.277060953399527 ], [ 113.634319487855095, -8.277561518748342 ], [ 113.634300864694211, -8.277657583429885 ], [ 113.634235013636015, -8.277997244776223 ], [ 113.633904240289525, -8.278519621382639 ], [ 113.633604397326167, -8.27864193457679 ], [ 113.633541842283165, -8.278872155624704 ], [ 113.63284447559316, -8.279116097628989 ], [ 113.632627208379972, -8.279291599426973 ], [ 113.632697247580978, -8.279529803756656 ], [ 113.632761299095733, -8.279747642039268 ], [ 113.632567031144589, -8.280097057432421 ], [ 113.632377520607193, -8.280416454355109 ], [ 113.632614476677787, -8.280662464800102 ], [ 113.632676069446092, -8.281053786802016 ], [ 113.632859952925557, -8.281444150126614 ], [ 113.632862161660441, -8.281776170832831 ], [ 113.632862991734754, -8.281901056987405 ], [ 113.632712409251297, -8.282250184597515 ], [ 113.63275869735709, -8.282641531780442 ], [ 113.632980453086518, -8.283140513423202 ], [ 113.632872306912546, -8.283665462989951 ], [ 113.632832329349512, -8.283859518701007 ], [ 113.632682180339401, -8.284273920004591 ], [ 113.632815118124171, -8.284555902432132 ], [ 113.632576150270225, -8.284753305419866 ], [ 113.632338049362517, -8.285081253995894 ], [ 113.632383037048641, -8.285276781897142 ], [ 113.632122659933913, -8.285539601570544 ], [ 113.631838847385964, -8.285563233055935 ], [ 113.631687249568017, -8.285760058679024 ], [ 113.631492834128011, -8.286087718572553 ], [ 113.631164756949076, -8.286024607748608 ], [ 113.631034857074042, -8.286199533081138 ], [ 113.630861849096135, -8.286461775389807 ], [ 113.630579772239784, -8.286746497152329 ], [ 113.63053767587401, -8.286986117014859 ], [ 113.630210756122565, -8.287097066375757 ], [ 113.629949654154331, -8.287251097759139 ], [ 113.629973086889549, -8.287490286846431 ], [ 113.629712416595765, -8.287709590124635 ], [ 113.6296700333464, -8.287905696290075 ], [ 113.629956016857676, -8.288208428775199 ], [ 113.62989118293288, -8.288373029890604 ], [ 113.629800000670599, -8.288330000028708 ], [ 113.629539484160901, -8.288145900711939 ], [ 113.629178245380771, -8.287890626350556 ], [ 113.629017241553427, -8.287776469107964 ], [ 113.6283582228548, -8.287771245845519 ], [ 113.627109916190804, -8.287691945426133 ], [ 113.626317492958975, -8.287612650402696 ], [ 113.626125095597814, -8.287593397716318 ], [ 113.625156805443183, -8.287337188059983 ], [ 113.624556050222594, -8.286850983984937 ], [ 113.624114272656598, -8.286486272922343 ], [ 113.62368972070513, -8.286068929037025 ], [ 113.623176024355047, -8.285459609572541 ], [ 113.622627648348413, -8.284920539750338 ], [ 113.621908983014237, -8.284473175595817 ], [ 113.62135736495145, -8.28417614301382 ], [ 113.621229761944974, -8.284110890904149 ], [ 113.620689999644782, -8.284069998730679 ], [ 113.620499999876159, -8.284069998730679 ], [ 113.620185060892908, -8.284054253400218 ], [ 113.620086934965087, -8.284049213599552 ], [ 113.619100000066027, -8.283990000437356 ], [ 113.6185800003677, -8.283939999930244 ], [ 113.617930000070473, -8.28386999940016 ], [ 113.617049999958581, -8.283789999308187 ], [ 113.616180000307864, -8.283699999654502 ], [ 113.615389999849654, -8.283600000438838 ], [ 113.614680001282068, -8.283499999424613 ], [ 113.61372000017893, -8.283360000163096 ], [ 113.613169999097181, -8.283260000048152 ], [ 113.612570000206347, -8.283090000302494 ], [ 113.61219622397762, -8.282716224073681 ], [ 113.612017325440306, -8.282574663589102 ], [ 113.611524620166122, -8.282494045662901 ], [ 113.61122999956595, -8.282379999936261 ], [ 113.610780001297073, -8.282119999637459 ], [ 113.610350000353236, -8.281799999269744 ], [ 113.610029999985613, -8.281489999363199 ], [ 113.609850000678065, -8.281220000401877 ], [ 113.609808755071043, -8.281116498326966 ], [ 113.609562614224231, -8.281154933552546 ], [ 113.609421792982374, -8.281120842951715 ], [ 113.609141769278239, -8.281297732403601 ], [ 113.608878166295412, -8.28129945640401 ], [ 113.608525772347519, -8.281161712642103 ], [ 113.608296968631279, -8.281110689605818 ], [ 113.608105043414056, -8.281322014998203 ], [ 113.60798329499417, -8.281515376432623 ], [ 113.607861434158977, -8.281691229865505 ], [ 113.607739341298611, -8.281832075389193 ], [ 113.607581294442213, -8.281850614913154 ], [ 113.607263814874159, -8.281677629418247 ], [ 113.607176062626195, -8.281695710287938 ], [ 113.607159525892442, -8.281853371335178 ], [ 113.607020666071918, -8.282116866399434 ], [ 113.606916261077657, -8.282275103012847 ], [ 113.606704685673805, -8.282171448952401 ], [ 113.606582937253833, -8.282364807688889 ], [ 113.606479109624317, -8.282610569921054 ], [ 113.606392048055696, -8.282733679914632 ], [ 113.606198046303788, -8.282629911640303 ], [ 113.605934553937544, -8.282649140044949 ], [ 113.605776968433346, -8.282737696286844 ], [ 113.60556527701695, -8.282616537822161 ], [ 113.605318324082404, -8.282478101582356 ], [ 113.604931242383969, -8.282410606563449 ], [ 113.604632028946043, -8.282342536877739 ], [ 113.60438473067191, -8.282151584727025 ], [ 113.604016603984206, -8.282294036439851 ], [ 113.603806986404379, -8.282487968943862 ], [ 113.603509959218329, -8.282752496429733 ], [ 113.603352486129452, -8.282858558874604 ], [ 113.603123337073356, -8.28275501902813 ], [ 113.602896028929678, -8.282931560442329 ], [ 113.602802961688468, -8.282958705579045 ], [ 113.60265045825318, -8.283003186946701 ], [ 113.602490158594918, -8.282959366580698 ], [ 113.602447122437781, -8.283088633332934 ], [ 113.602221705568354, -8.283021150904577 ], [ 113.601715213687299, -8.283071138821228 ], [ 113.600901112297521, -8.282964688768544 ], [ 113.600118544736105, -8.283388874695994 ], [ 113.599938058895347, -8.283506535697292 ], [ 113.600181901974224, -8.28320128511044 ], [ 113.600301926393882, -8.282709405413911 ], [ 113.600453935202083, -8.282428998598633 ], [ 113.6006669261387, -8.281984023942755 ], [ 113.600747032350682, -8.281669745961249 ], [ 113.600923445161882, -8.281423048434132 ], [ 113.600976878381331, -8.281218075852735 ], [ 113.601191775880778, -8.280575521941945 ], [ 113.601447399179122, -8.279878134567429 ], [ 113.601661578120371, -8.279126455121009 ], [ 113.601739174324507, -8.278430228771281 ], [ 113.601826509286965, -8.277380363811957 ], [ 113.602251580147339, -8.277212791336506 ], [ 113.603086026899661, -8.277070935874196 ], [ 113.603954486011745, -8.277052370269853 ], [ 113.604159999985058, -8.276449999866784 ], [ 113.604432077279611, -8.275782972705191 ], [ 113.604469998992229, -8.275689999892808 ], [ 113.60448585493927, -8.275438464912408 ], [ 113.604558245867452, -8.275178802758674 ], [ 113.604912428566806, -8.273908345792734 ], [ 113.60506116204408, -8.273374841874713 ], [ 113.605796131187489, -8.270600820070982 ], [ 113.605844994052262, -8.269790848368118 ], [ 113.606368678272958, -8.268256757842305 ], [ 113.60699634210853, -8.266253478414541 ], [ 113.607355387442269, -8.266143517408551 ], [ 113.607503543554799, -8.265997634782217 ], [ 113.607913244101979, -8.265594218697501 ], [ 113.60874232459966, -8.265074886296151 ], [ 113.608787775436525, -8.26477945990338 ], [ 113.609171417228112, -8.26461916294323 ], [ 113.612445039408016, -8.264850679014877 ], [ 113.612666579300225, -8.264627077876561 ], [ 113.612466029584638, -8.263754679733857 ], [ 113.612564172599505, -8.26324247086254 ], [ 113.613197553425337, -8.259936832817825 ], [ 113.613781066843814, -8.256891447781321 ], [ 113.613856825733023, -8.25649605904508 ], [ 113.613938077681127, -8.25536935511084 ], [ 113.613948032276852, -8.255062057666994 ], [ 113.610123489908261, -8.254974975413941 ], [ 113.606343538624557, -8.254926256440818 ], [ 113.605779229329087, -8.254918980925428 ], [ 113.600984394015668, -8.254978262436062 ], [ 113.598755561920697, -8.254908439971718 ], [ 113.594904006615693, -8.25480114455641 ], [ 113.594920000158893, -8.254459999328699 ], [ 113.594930000620153, -8.254369999674925 ], [ 113.594999999351586, -8.254019999722438 ], [ 113.595159998636078, -8.252800000119141 ], [ 113.595190000019585, -8.252569999405111 ], [ 113.595250000088498, -8.252350000051621 ], [ 113.595280000572643, -8.252189999867852 ], [ 113.59532904240244, -8.252019306744749 ], [ 113.595350000203439, -8.251329999778843 ], [ 113.595260001448949, -8.249999998700151 ], [ 113.595199999581382, -8.24911545161595 ], [ 113.600033208966451, -8.2494209693015 ], [ 113.603742446557661, -8.247922901120173 ], [ 113.607702461000869, -8.246323505424645 ], [ 113.608757578900139, -8.245897349082608 ], [ 113.620850808319247, -8.241430948878346 ], [ 113.620860000289809, -8.239050000056601 ], [ 113.620869999851706, -8.235890000022692 ], [ 113.620881923063365, -8.23324872804556 ], [ 113.620882981565359, -8.233014077836607 ], [ 113.6208899989754, -8.231459999878286 ], [ 113.620830000705041, -8.229009999311153 ], [ 113.622500000375766, -8.229109999426186 ], [ 113.624588547224661, -8.229252023061616 ], [ 113.624999999651365, -8.229280000071125 ], [ 113.6250960346554, -8.229258919962355 ], [ 113.625219754389235, -8.229231761335896 ], [ 113.623734924228458, -8.227009587821453 ], [ 113.622293943211986, -8.226773167746646 ], [ 113.622059999870231, -8.224120000436884 ], [ 113.622280000122913, -8.222829999404134 ], [ 113.622320000168855, -8.222529999958759 ], [ 113.622371069969944, -8.222219003603335 ], [ 113.622610000052518, -8.221189999318177 ], [ 113.622850000328256, -8.220759999273717 ], [ 113.623236417427734, -8.220469585702038 ], [ 113.623242043586558, -8.22034947674619 ], [ 113.623421387288232, -8.220204608555058 ], [ 113.623678604185343, -8.220151610607516 ], [ 113.623853707583606, -8.220145335138305 ], [ 113.624152471360532, -8.22014338540815 ], [ 113.624388744845746, -8.220039201646976 ], [ 113.624490856568826, -8.219899970406484 ], [ 113.624613400888848, -8.219734943911703 ], [ 113.624828802008636, -8.219589840997575 ], [ 113.624977440157721, -8.219475964343513 ], [ 113.625254550957806, -8.219315063038966 ], [ 113.625399557644542, -8.219432152970672 ], [ 113.625652872383156, -8.219569063060959 ], [ 113.625890160303669, -8.219618833341656 ], [ 113.626148996879834, -8.219812158803251 ], [ 113.626252930629363, -8.219950044658074 ], [ 113.62637692825362, -8.220005688410968 ], [ 113.626515769188444, -8.219968855777225 ], [ 113.626650913909643, -8.220152725766859 ], [ 113.626621224590821, -8.220337673144272 ], [ 113.626606632191439, -8.220450851025117 ], [ 113.626732174851, -8.220634781269307 ], [ 113.62689462209012, -8.22051976607354 ], [ 113.627237314151785, -8.220380596886255 ], [ 113.6274776040093, -8.220344793976285 ], [ 113.627890141917504, -8.220376328703825 ], [ 113.628200279420383, -8.220511230607961 ], [ 113.628820325998277, -8.220746800823385 ], [ 113.629216135617227, -8.220846908856981 ], [ 113.629629348916453, -8.220981133571613 ], [ 113.629921856109846, -8.221047686101056 ], [ 113.630179438131606, -8.221028883974977 ], [ 113.630385596918799, -8.221038941093493 ], [ 113.630490000114492, -8.220929999918745 ], [ 113.630620000713492, -8.220779999296688 ], [ 113.631027469143419, -8.220848575300675 ], [ 113.631177282706489, -8.220932537805623 ], [ 113.631514112987048, -8.22096902330096 ], [ 113.631838083861524, -8.221018491409414 ], [ 113.63196702505924, -8.220940262981944 ], [ 113.632303599932285, -8.220938057844272 ], [ 113.632497352571818, -8.220872303912905 ], [ 113.632745120292199, -8.220818621581348 ], [ 113.633156621282097, -8.220726114617747 ], [ 113.633272615839616, -8.220647970726478 ], [ 113.634047965442278, -8.22043653381823 ], [ 113.634526168249053, -8.220317323285052 ], [ 113.634420308151832, -8.219969791072177 ], [ 113.634333856323465, -8.21933917206432 ], [ 113.634285066303889, -8.219093660743091 ], [ 113.63449133570758, -8.21896333638805 ], [ 113.634646336560166, -8.218910732343641 ], [ 113.634969028598775, -8.218766746387416 ], [ 113.635201273121325, -8.218649150137345 ], [ 113.635459323689972, -8.218518484939395 ], [ 113.635794441661204, -8.218441314114553 ], [ 113.636030000185457, -8.218369999674955 ], [ 113.636420000183875, -8.218409998821617 ], [ 113.636549999883684, -8.218429999743869 ], [ 113.636679999583407, -8.218300000044152 ], [ 113.636830000205364, -8.218159999883355 ], [ 113.63704999955894, -8.218070001128861 ], [ 113.637280001172172, -8.21739999990929 ], [ 113.637490000064489, -8.216670000419366 ], [ 113.637520001447911, -8.216490001111907 ], [ 113.637570287939496, -8.216232269802635 ], [ 113.637599998841864, -8.216079999291679 ], [ 113.637690001193661, -8.215440000354899 ], [ 113.637819999994008, -8.21460999985084 ], [ 113.637910001446429, -8.213789999807862 ], [ 113.638160000384772, -8.212719999927252 ], [ 113.638410000222407, -8.211719998778076 ], [ 113.638549998584651, -8.211079999841296 ], [ 113.638609999552841, -8.210800000418892 ], [ 113.638700000105899, -8.210359999913262 ], [ 113.638735665419617, -8.210074698087986 ], [ 113.638789998860389, -8.209530000308483 ], [ 113.638929999920649, -8.208639999735421 ], [ 113.63898000042775, -8.208415000151302 ], [ 113.639067841708496, -8.208224317797217 ], [ 113.639065761576688, -8.207909553282409 ], [ 113.639234105670567, -8.207917979930055 ], [ 113.639739119066107, -8.20794046298121 ], [ 113.6402828833494, -8.207949793447387 ], [ 113.64041902002279, -8.207937591445933 ], [ 113.640593384178359, -8.207921963027374 ], [ 113.640592701592908, -8.20781878830563 ], [ 113.640591763600014, -8.207676924749439 ], [ 113.640604027654859, -8.207573667290056 ], [ 113.640602747919516, -8.207380216822767 ], [ 113.640588014326411, -8.207109471424221 ], [ 113.640612368866755, -8.206877163049818 ], [ 113.640678784699148, -8.206752315566089 ], [ 113.640560000444708, -8.206560000043204 ], [ 113.640489999914621, -8.20645999992826 ], [ 113.640366590446916, -8.206177183829098 ], [ 113.640405687573434, -8.205926540976314 ], [ 113.640426845923258, -8.205676410736949 ], [ 113.640447261432982, -8.205473630702674 ], [ 113.640850001227562, -8.205490000162595 ], [ 113.641249999888601, -8.205450000116652 ], [ 113.641570000256408, -8.205350000001708 ], [ 113.641810001431523, -8.205149999771908 ], [ 113.642100000415809, -8.204789999358162 ], [ 113.642610000552153, -8.203949999292213 ], [ 113.642828183275157, -8.203523551569834 ], [ 113.643161714842321, -8.202943859370791 ], [ 113.643210001241641, -8.202859999388632 ], [ 113.643438652972435, -8.202478910772324 ], [ 113.643600000340797, -8.202209999990682 ], [ 113.643909999347969, -8.20172999943911 ], [ 113.643978698559181, -8.201669886954875 ], [ 113.644069998632631, -8.201589999278223 ], [ 113.644320000268834, -8.201479998702197 ], [ 113.644479999553397, -8.201490000062648 ], [ 113.644739999852206, -8.201629999324254 ], [ 113.644970000566147, -8.201849998677655 ], [ 113.645279999573404, -8.202219998653202 ], [ 113.645559999895099, -8.202439999805343 ], [ 113.645759999225703, -8.202590000427399 ], [ 113.645864763948822, -8.202624921102462 ], [ 113.646019998625135, -8.202640000035142 ], [ 113.646180000607643, -8.2025999999892 ], [ 113.646419999084742, -8.2023999997594 ], [ 113.64680000042074, -8.202139998561318 ], [ 113.647070000281332, -8.201999999299712 ], [ 113.647260000049968, -8.201999999299712 ], [ 113.647372506137344, -8.202046552705465 ], [ 113.647549999034254, -8.202119999437627 ], [ 113.647750000163427, -8.202319999667427 ], [ 113.64795999995512, -8.202660000058113 ], [ 113.648120000138974, -8.202859999388632 ], [ 113.648300001245175, -8.203059999618432 ], [ 113.648430000045522, -8.203169999295266 ], [ 113.648650001197666, -8.20326999941021 ], [ 113.648850001427462, -8.203279999871292 ], [ 113.649040000296807, -8.203229999364179 ], [ 113.649270000111386, -8.203050000056631 ], [ 113.649499999926121, -8.202749999711887 ], [ 113.649780000247901, -8.202359999713369 ], [ 113.650067643907732, -8.201940859881994 ], [ 113.650130000200392, -8.201849998677655 ], [ 113.650539999322504, -8.201420000431845 ], [ 113.650739999552314, -8.201260001147357 ], [ 113.651220000103962, -8.200869999350189 ], [ 113.651389999849712, -8.200640000434898 ], [ 113.651429999895655, -8.200420001081408 ], [ 113.651349998904408, -8.200089999353153 ], [ 113.651200000080991, -8.199779999446609 ], [ 113.650939998882919, -8.199279999771345 ], [ 113.650810000981764, -8.19894999984183 ], [ 113.650719998630052, -8.198589999428084 ], [ 113.650720000428706, -8.198040000145077 ], [ 113.650800001419952, -8.197659999708449 ], [ 113.65090000063563, -8.19746000037793 ], [ 113.651110000427224, -8.197329999778844 ], [ 113.651310000657105, -8.197319999317674 ], [ 113.651500000425742, -8.197369999824875 ], [ 113.651630000125465, -8.197550000031704 ], [ 113.651819999894087, -8.198069999729938 ], [ 113.652000000100998, -8.19852999935917 ], [ 113.652209999892605, -8.198809999680943 ], [ 113.652319998669981, -8.198889999772828 ], [ 113.652510000237356, -8.198919999357688 ], [ 113.652639999937151, -8.198909999795799 ], [ 113.652742533442137, -8.198854788616792 ], [ 113.653000001250092, -8.198619999912225 ], [ 113.65325000018845, -8.19810999977588 ], [ 113.653450000418246, -8.197789999408165 ], [ 113.653849999978561, -8.197279999271732 ], [ 113.654128286192545, -8.196994390777721 ], [ 113.654230000415282, -8.196890001071864 ], [ 113.654429998846425, -8.196770000034668 ], [ 113.654699999606308, -8.196689999942784 ], [ 113.654959999905117, -8.196770000034668 ], [ 113.655180000157884, -8.196949999342127 ], [ 113.655349468404339, -8.19714622331875 ], [ 113.655439999557402, -8.197489999962702 ], [ 113.655409999972548, -8.197839999915278 ], [ 113.655120000089056, -8.198249999936767 ], [ 113.655022602612135, -8.19843757783114 ], [ 113.654850000228365, -8.198769999635001 ], [ 113.654720001428018, -8.199139999610548 ], [ 113.654690000044511, -8.19937999988629 ], [ 113.654710000067567, -8.199629999723921 ], [ 113.654822483671779, -8.199726412443152 ], [ 113.655049999558884, -8.199760000322918 ], [ 113.655369999926606, -8.199709999815806 ], [ 113.65552857558427, -8.199682925725636 ], [ 113.655779999948095, -8.199640001084372 ], [ 113.656180001307149, -8.199709999815806 ], [ 113.656550001282511, -8.19982000039192 ], [ 113.65703999959733, -8.19980999993075 ], [ 113.657520000148907, -8.199729999838866 ], [ 113.657734853581729, -8.199584657704982 ], [ 113.657860001438962, -8.199500000024116 ], [ 113.658209999592799, -8.199210000140543 ], [ 113.658410000722057, -8.198919999357688 ], [ 113.658500001275115, -8.198639999935285 ], [ 113.658630000075547, -8.198269999959738 ], [ 113.658740000651477, -8.198029999683907 ], [ 113.658870001250648, -8.197899999984191 ], [ 113.659130000650094, -8.197839999915278 ], [ 113.659370000026541, -8.197899999984191 ], [ 113.659710001316512, -8.197949999592023 ], [ 113.66025999970033, -8.198009998761655 ], [ 113.660378956624641, -8.197982334716201 ], [ 113.660690000644067, -8.197910000445361 ], [ 113.661130000250424, -8.197599998740166 ], [ 113.661290001333555, -8.197049998557791 ], [ 113.661420001033363, -8.196529999758837 ], [ 113.661540000271913, -8.196339999990208 ], [ 113.661779999648274, -8.196030000083663 ], [ 113.662120447002053, -8.195839926570557 ], [ 113.662429999945601, -8.195789998908552 ], [ 113.66277000033628, -8.195799999369722 ], [ 113.663039999297524, -8.195880000360976 ], [ 113.663269999112273, -8.196090000152576 ], [ 113.663420000633522, -8.196409999621011 ], [ 113.663500000725577, -8.196839999665471 ], [ 113.663550000333316, -8.19744000035487 ], [ 113.663619999964126, -8.197899999984191 ] ] ] } },
{ "type": "Feature", "properties": { "KECAMATAN": "PANTI" }, "geometry": { "type": "Polygon", "coordinates": [ [ [ 113.671295007659552, -7.969090489333873 ], [ 113.671172948074187, -7.969680812418777 ], [ 113.670791464655366, -7.970631631443802 ], [ 113.670463394670946, -7.971428908316679 ], [ 113.670081934634595, -7.972302933332952 ], [ 113.669669960601212, -7.973074459018247 ], [ 113.669441075945983, -7.973563202778821 ], [ 113.669242706186964, -7.97415403488002 ], [ 113.66919693429216, -7.974692855590026 ], [ 113.669174156263367, -7.975231687991212 ], [ 113.669280838341024, -7.975666548871318 ], [ 113.669380021871575, -7.976074725966996 ], [ 113.669975132947101, -7.976566807111717 ], [ 113.670112450430352, -7.976707025807838 ], [ 113.670150605966768, -7.976956390724109 ], [ 113.670364233623573, -7.977551961353101 ], [ 113.670509165666573, -7.977962991997644 ], [ 113.670837237449632, -7.978764090089862 ], [ 113.670890649984571, -7.979317224409542 ], [ 113.670951678877969, -7.98033668868645 ], [ 113.67110427944003, -7.981051465352039 ], [ 113.671089020642867, -7.981485878369775 ], [ 113.671089020642867, -7.982158195343602 ], [ 113.671089018844214, -7.983015560418981 ], [ 113.671104277641376, -7.983663575912513 ], [ 113.671241619406274, -7.984370252384431 ], [ 113.671424706985675, -7.984958667108043 ], [ 113.671630694002374, -7.985649624329882 ], [ 113.671790933405887, -7.986109765152748 ], [ 113.671974021884665, -7.986566682805351 ], [ 113.671998812596115, -7.986712956636798 ], [ 113.672069385994433, -7.986864111089042 ], [ 113.672129794355584, -7.98702392871049 ], [ 113.671990000139388, -7.987050000056638 ], [ 113.671829999955534, -7.987090000102669 ], [ 113.67168000023284, -7.987289999433099 ], [ 113.671320000718552, -7.987709999915759 ], [ 113.67128000067261, -7.987790000007732 ], [ 113.671210000142437, -7.988010001159783 ], [ 113.671159999635236, -7.988560000442878 ], [ 113.671159999635236, -7.989089998803633 ], [ 113.671190000119466, -7.989490000162601 ], [ 113.671199999681363, -7.989809998731666 ], [ 113.671210000142437, -7.989939999330752 ], [ 113.671199999681363, -7.990329999329181 ], [ 113.67128000067261, -7.990549998682671 ], [ 113.671250001087756, -7.991119999787387 ], [ 113.671310000257293, -7.992050000406391 ], [ 113.671489999564841, -7.992909998696661 ], [ 113.671710000716985, -7.993590000377403 ], [ 113.672219999954137, -7.994509999635956 ], [ 113.672719999629308, -7.995119999887245 ], [ 113.673220001103232, -7.995779999746365 ], [ 113.673710000317314, -7.996219999352626 ], [ 113.674010000662065, -7.996549999282231 ], [ 113.674393509353976, -7.997126596914094 ], [ 113.674700000105958, -7.997729999738866 ], [ 113.674865001419818, -7.99805499943793 ], [ 113.675110000127447, -7.998559999343645 ], [ 113.675250000288329, -7.999059999018908 ], [ 113.675319999919139, -7.99953000000868 ], [ 113.675390001348589, -7.999989998738632 ], [ 113.675504456266751, -8.000658665364345 ], [ 113.675580001117126, -8.001099998665183 ], [ 113.675950001092673, -8.002690000042676 ], [ 113.67605794042268, -8.003023864359047 ], [ 113.676153046427004, -8.003318023607118 ], [ 113.676380000237856, -8.004019999322718 ], [ 113.676666862386824, -8.005002287424777 ], [ 113.676714285437015, -8.00515797895671 ], [ 113.677289999934601, -8.006229998714652 ], [ 113.677760000025003, -8.007320000416883 ], [ 113.67813000000055, -8.008084999722119 ], [ 113.678239999677302, -8.008799999419612 ], [ 113.678190000069549, -8.00964000038493 ], [ 113.6779000001859, -8.011229999963774 ], [ 113.677757207630066, -8.012285077393553 ], [ 113.677719999979061, -8.012560000143097 ], [ 113.67769999995609, -8.012749999911726 ], [ 113.677450000118455, -8.014239999375626 ], [ 113.677147668730981, -8.015127277700927 ], [ 113.676989999589864, -8.015589998678728 ], [ 113.676599999591431, -8.016839999665446 ], [ 113.676420000283883, -8.017949999591998 ], [ 113.675960000654555, -8.019009999910718 ], [ 113.675749999963585, -8.019979999676384 ], [ 113.67546999964182, -8.021060000018164 ], [ 113.675239998927879, -8.022019999322747 ], [ 113.675019999574388, -8.023039999595525 ], [ 113.67482999890639, -8.024090000352444 ], [ 113.67470999966784, -8.025229999863857 ], [ 113.674579999968046, -8.026250000136635 ], [ 113.674299999646351, -8.027790000107647 ], [ 113.674020000223862, -8.028859999988168 ], [ 113.673909999647748, -8.029290000032717 ], [ 113.673721145615417, -8.029851721978563 ], [ 113.673519999649315, -8.030449999567011 ], [ 113.673010001311624, -8.031569999954733 ], [ 113.672569999906628, -8.032410000020683 ], [ 113.672100000715503, -8.033349999302207 ], [ 113.67168000023284, -8.033999999599438 ], [ 113.671379999888103, -8.034709999965759 ], [ 113.671170000096495, -8.035530000008649 ], [ 113.671099999566422, -8.036139999360657 ], [ 113.67078999786122, -8.036390000097658 ], [ 113.669790000309348, -8.037099999564521 ], [ 113.669079999943023, -8.037600000139065 ], [ 113.667849999878641, -8.038600000388872 ], [ 113.666910000597113, -8.03942000043185 ], [ 113.666130000600077, -8.040209999990687 ], [ 113.665159999035865, -8.041239999825354 ], [ 113.664140000561559, -8.04243999940568 ], [ 113.663290000034522, -8.043539999770342 ], [ 113.662530000060542, -8.044629999673923 ], [ 113.662149999623836, -8.045249998587732 ], [ 113.661739999602332, -8.045919999807303 ], [ 113.66074000025182, -8.047079999341687 ], [ 113.660170000046463, -8.047610000400372 ], [ 113.659830000555147, -8.047929999868806 ], [ 113.658879999913083, -8.048680000280982 ], [ 113.65877999889895, -8.048759998574305 ], [ 113.65774000130105, -8.049889999423197 ], [ 113.657640000286818, -8.049979999976163 ], [ 113.656620000014044, -8.050909998796605 ], [ 113.656136794278709, -8.051299524852372 ], [ 113.655640000686489, -8.051700001053373 ], [ 113.653930000070531, -8.053209999640963 ], [ 113.652724999360302, -8.054609998551808 ], [ 113.651920000009028, -8.055769998985472 ], [ 113.651400001210163, -8.056859999788333 ], [ 113.650979998928861, -8.057929999668943 ], [ 113.650820001443023, -8.058899999434608 ], [ 113.651039998997859, -8.059769999984699 ], [ 113.651190001418485, -8.060759998874055 ], [ 113.651210001441456, -8.060849999427109 ], [ 113.651249999688829, -8.060930000418452 ], [ 113.651750000263377, -8.061989999837802 ], [ 113.651790001208596, -8.062069999929776 ], [ 113.652400000560604, -8.063079999741383 ], [ 113.653220000603582, -8.064269998860539 ], [ 113.653560875135298, -8.064745160160179 ], [ 113.653879999563429, -8.065189999917742 ], [ 113.654070000231428, -8.065449999317174 ], [ 113.654629999975597, -8.066389998598787 ], [ 113.654979999928088, -8.067229998664647 ], [ 113.655570000156402, -8.068929999718975 ], [ 113.656160001284093, -8.069609999600978 ], [ 113.656790000659072, -8.070119999737411 ], [ 113.657460000079908, -8.070649999896816 ], [ 113.657814153101739, -8.071227828700554 ], [ 113.658409998923403, -8.072199999429628 ], [ 113.65861266924037, -8.072692764958365 ], [ 113.658919999959025, -8.073439999955177 ], [ 113.659450001017802, -8.074519999397676 ], [ 113.660029999885666, -8.075279999371652 ], [ 113.660620000113994, -8.076200000428855 ], [ 113.661309999557972, -8.077139999710468 ], [ 113.661480000202914, -8.07737999998621 ], [ 113.662160000084995, -8.078150000421356 ], [ 113.662449999968572, -8.078489999912762 ], [ 113.663319999619375, -8.079399999609514 ], [ 113.663840000216808, -8.080109999975747 ], [ 113.664130000100471, -8.08080999988081 ], [ 113.664220000653614, -8.08125000038644 ], [ 113.664160000584616, -8.082070000429418 ], [ 113.663729999640879, -8.082859999988255 ], [ 113.663510000287374, -8.083330000078657 ], [ 113.66288999957483, -8.083899999384634 ], [ 113.662340000291834, -8.084150000121635 ], [ 113.661470000641103, -8.084309999406123 ], [ 113.660559999145704, -8.084359999913236 ], [ 113.659989999839723, -8.084410000420437 ], [ 113.659650001247684, -8.084410000420437 ], [ 113.658890001273534, -8.084399999959178 ], [ 113.65802000072344, -8.084259998899011 ], [ 113.657449999618819, -8.084170000144606 ], [ 113.65675999927555, -8.083959998554267 ], [ 113.655769998587644, -8.08359000037737 ], [ 113.654910000297377, -8.08317999855732 ], [ 113.65458000126705, -8.083069999779855 ], [ 113.654230000415282, -8.08296000010311 ], [ 113.653780001247128, -8.082850000426365 ], [ 113.653610000602015, -8.082809998581773 ], [ 113.65290000023586, -8.08273999985034 ], [ 113.652519998000585, -8.082790000357452 ], [ 113.651909998648492, -8.082859999988255 ], [ 113.650567696642952, -8.083124541863327 ], [ 113.649140000411748, -8.083630000423401 ], [ 113.648770000436201, -8.08381999929275 ], [ 113.648040000047004, -8.084199999729378 ], [ 113.647460000279764, -8.084529999658983 ], [ 113.647059998920881, -8.084769999934725 ], [ 113.646902173297647, -8.084930236640318 ], [ 113.645750000563098, -8.086100000114136 ], [ 113.645760000124895, -8.086809998681719 ], [ 113.645849998879385, -8.087550000431374 ], [ 113.645689999594907, -8.088229999414096 ], [ 113.645420000633493, -8.08875999867422 ], [ 113.645169999896666, -8.089249999686963 ], [ 113.644799999921119, -8.090529999359173 ], [ 113.645179998559101, -8.091789999907782 ], [ 113.6453699992271, -8.092529999858787 ], [ 113.645249999089273, -8.093860000038109 ], [ 113.644689999345005, -8.094884999642236 ], [ 113.64438000123711, -8.095629999823782 ], [ 113.644244771979714, -8.095929289704127 ], [ 113.644125122577421, -8.096370748910118 ], [ 113.643959998955893, -8.096980000026164 ], [ 113.64395999985517, -8.097399999609454 ], [ 113.644050000408228, -8.097769999585001 ], [ 113.64417999920866, -8.098079998592265 ], [ 113.64453999962231, -8.09860999965095 ], [ 113.644799999921119, -8.098889999972723 ], [ 113.645049998859463, -8.099179998956927 ], [ 113.645840000216964, -8.100079999991159 ], [ 113.645940599280266, -8.10023385780547 ], [ 113.64600999996253, -8.10033999939068 ], [ 113.646299999846192, -8.100799999919282 ], [ 113.646610000652103, -8.1011899999178 ], [ 113.646789999959566, -8.101419999732371 ], [ 113.646890000074421, -8.101590000377399 ], [ 113.647150000373216, -8.102219999752378 ], [ 113.647310000557169, -8.102449999567039 ], [ 113.647520001248139, -8.102629999773868 ], [ 113.647720000578573, -8.102870000049698 ], [ 113.647895693932128, -8.103194768622888 ], [ 113.648049999608801, -8.103480000300987 ], [ 113.648019999124656, -8.103639999585475 ], [ 113.648029999585916, -8.103809999331222 ], [ 113.648179859014334, -8.104156548585049 ], [ 113.648430000045522, -8.104499999674395 ], [ 113.648590000229461, -8.104779999996168 ], [ 113.648930000620155, -8.105519999947262 ], [ 113.649120000388692, -8.106389998698702 ], [ 113.649009998913385, -8.106909999296217 ], [ 113.649037019943506, -8.107050503077449 ], [ 113.649060000319778, -8.10716999869565 ], [ 113.649439999857123, -8.108549999382173 ], [ 113.649482785103487, -8.108645636885868 ], [ 113.649609999602873, -8.108929999818802 ], [ 113.649789998910336, -8.109369999425152 ], [ 113.649809998933392, -8.109589999677922 ], [ 113.649849999878612, -8.109910000045637 ], [ 113.649990000039594, -8.110230000413353 ], [ 113.650149999324071, -8.110429999743872 ], [ 113.650258820888908, -8.110538821308786 ], [ 113.650329998631634, -8.1106099999507 ], [ 113.650360000015141, -8.110739998751136 ], [ 113.650379999138735, -8.111169999694965 ], [ 113.650330000430273, -8.111589999278255 ], [ 113.650329998631634, -8.112439999805375 ], [ 113.650489999714765, -8.113589999777869 ], [ 113.650464101937771, -8.113723800012583 ], [ 113.65043000144442, -8.113899998785044 ], [ 113.650379999138735, -8.11448000035093 ], [ 113.650459144874745, -8.114717435760308 ], [ 113.650560000244937, -8.115060000118078 ], [ 113.650665000590422, -8.115295000163279 ], [ 113.650729999990503, -8.115430000093625 ], [ 113.650890000174371, -8.116139998661207 ], [ 113.651070001280559, -8.116789999857808 ], [ 113.651149999573789, -8.117099999764353 ], [ 113.651209999642802, -8.117589999877815 ], [ 113.651251699407425, -8.11792126875077 ], [ 113.651342300707739, -8.118641057338081 ], [ 113.652333371588838, -8.11866058431767 ], [ 113.65260045225007, -8.118864807763913 ], [ 113.652956108038978, -8.119068453845244 ], [ 113.653075465161663, -8.119258931153926 ], [ 113.652855184320444, -8.119436908785492 ], [ 113.652782916599307, -8.119672768582607 ], [ 113.652755131145454, -8.119937763715999 ], [ 113.652786974340387, -8.120290640599801 ], [ 113.652832712061013, -8.120511020366504 ], [ 113.6529514900203, -8.120613228317051 ], [ 113.65296866797074, -8.120980913437624 ], [ 113.65279722301446, -8.121336483790873 ], [ 113.652753426030827, -8.121457379653528 ], [ 113.652706899604823, -8.12158580464035 ], [ 113.652516242431759, -8.121778301826364 ], [ 113.652384632945513, -8.121970415001865 ], [ 113.652386564689166, -8.122264639900354 ], [ 113.652432979599482, -8.122587997437368 ], [ 113.652199190041642, -8.122957318424671 ], [ 113.651934135552963, -8.123062030087834 ], [ 113.651737410654022, -8.123218146099774 ], [ 113.651716269391414, -8.123607789067442 ], [ 113.651910119157691, -8.123900762109624 ], [ 113.651794237914871, -8.124239891057304 ], [ 113.651641855887959, -8.124355337927678 ], [ 113.651324146093572, -8.124596039674746 ], [ 113.651281690898401, -8.124875843044908 ], [ 113.651430383906174, -8.12503670387996 ], [ 113.651314020626629, -8.125302274579525 ], [ 113.651286910563542, -8.125670249281789 ], [ 113.65115500969705, -8.125818229127145 ], [ 113.651141793260209, -8.126053704913748 ], [ 113.650966087316107, -8.126275528092329 ], [ 113.651102831931212, -8.126636176917177 ], [ 113.651204612703722, -8.126627056892353 ], [ 113.651545514215186, -8.126830798301874 ], [ 113.651813858423907, -8.127226267977104 ], [ 113.652141447270978, -8.127650774063209 ], [ 113.652731869281382, -8.127632207559586 ], [ 113.653321806557202, -8.127540087304428 ], [ 113.653720502999818, -8.127552194877062 ], [ 113.654061889245938, -8.127829490038117 ], [ 113.653962902666919, -8.128492168977662 ], [ 113.653774852628445, -8.129081868832387 ], [ 113.653616311144944, -8.129541122923676 ], [ 113.65358651570611, -8.129627438054985 ], [ 113.653737725017052, -8.130170786851519 ], [ 113.653975578611124, -8.130419334284021 ], [ 113.654124953304972, -8.130683171990015 ], [ 113.654045552161534, -8.130980962700416 ], [ 113.653952054145094, -8.131331621856084 ], [ 113.653762941107871, -8.131759500399792 ], [ 113.653710471961773, -8.131874074028509 ], [ 113.653573730044613, -8.132172666934288 ], [ 113.65345823820816, -8.132570642120605 ], [ 113.653534474637326, -8.132937938734084 ], [ 113.653625665892861, -8.133334561340131 ], [ 113.653568453722215, -8.133614460937764 ], [ 113.653362929856371, -8.133792345039879 ], [ 113.653145888373004, -8.133902262878355 ], [ 113.653174688262325, -8.134352625372586 ], [ 113.653162538421455, -8.134749923369398 ], [ 113.653076475999555, -8.135132994091563 ], [ 113.653048305635821, -8.135339143885599 ], [ 113.652902897851533, -8.13567846438885 ], [ 113.653023907928059, -8.136119028769382 ], [ 113.65320416713962, -8.136588628661421 ], [ 113.653294780131134, -8.136896986406004 ], [ 113.65352097491413, -8.137616387385592 ], [ 113.653893933659248, -8.138202420704353 ], [ 113.654176953904269, -8.138583077646143 ], [ 113.654253776691434, -8.139038641819106 ], [ 113.654493285038185, -8.139537276323459 ], [ 113.654937349580123, -8.139710913826857 ], [ 113.655380348425368, -8.139722727321217 ], [ 113.655691832213378, -8.139941366000379 ], [ 113.656004676675622, -8.140365959320793 ], [ 113.656015201441392, -8.140719136578099 ], [ 113.655994178889244, -8.141013347986846 ], [ 113.65598184109011, -8.141381222864339 ], [ 113.655940460584787, -8.141822848444889 ], [ 113.655485121242378, -8.142178911626672 ], [ 113.655295333713752, -8.142319516131955 ], [ 113.655252978343327, -8.142798327779797 ], [ 113.65530046794332, -8.14328350572837 ], [ 113.655685873305515, -8.143516370783075 ], [ 113.655746187237767, -8.143707229404338 ], [ 113.655704030617613, -8.144031164305996 ], [ 113.655883327554562, -8.144353650399825 ], [ 113.656046794624928, -8.144514408712176 ], [ 113.656092732894294, -8.144764209799636 ], [ 113.656078648611839, -8.144867284696609 ], [ 113.65575579109796, -8.145163633793871 ], [ 113.655757828961711, -8.145472568903099 ], [ 113.656025999601269, -8.145838605566389 ], [ 113.655806583907747, -8.146148993080747 ], [ 113.655571337448364, -8.146297651014976 ], [ 113.655439628137444, -8.146475054879108 ], [ 113.655486053839397, -8.146798409718013 ], [ 113.655413982170586, -8.147063694433186 ], [ 113.655001667294215, -8.147228222703482 ], [ 113.654959704927478, -8.147581580724548 ], [ 113.655139392170241, -8.147962912157912 ], [ 113.655391249107865, -8.148093669086752 ], [ 113.655473897703203, -8.148367796835519 ], [ 113.655386810054296, -8.148447990281714 ], [ 113.655483420624321, -8.148637400994428 ], [ 113.65551488970145, -8.148931431639504 ], [ 113.65542757002747, -8.149123257031874 ], [ 113.655413969580124, -8.149299886579662 ], [ 113.655503621196203, -8.149461128727296 ], [ 113.655504591564792, -8.149608241626225 ], [ 113.655505463907076, -8.149740640717205 ], [ 113.655137438842786, -8.149904882103829 ], [ 113.655005633304398, -8.150067575757223 ], [ 113.654947936399282, -8.15027391890548 ], [ 113.654963865191249, -8.150450355998327 ], [ 113.655097320985661, -8.150537753014085 ], [ 113.655290318194716, -8.150698317972214 ], [ 113.655380357418622, -8.150918403660555 ], [ 113.655411632242149, -8.151183012085504 ], [ 113.655487004422739, -8.151417906910073 ], [ 113.655473697154477, -8.151638670687287 ], [ 113.655238835604791, -8.151846173960962 ], [ 113.655296262713378, -8.151958762785892 ], [ 113.655343541871929, -8.152051455009833 ], [ 113.655698552846943, -8.152152110730569 ], [ 113.655876883912143, -8.152327483026099 ], [ 113.655923118058439, -8.152621415644965 ], [ 113.655968575190627, -8.15279765938368 ], [ 113.655673686592465, -8.152858439164888 ], [ 113.655290700406582, -8.152993354558856 ], [ 113.655158991095661, -8.153170761120919 ], [ 113.655116254412661, -8.153406427563723 ], [ 113.655104305120631, -8.153833147780752 ], [ 113.654987359080479, -8.154010458115344 ], [ 113.654691624220149, -8.154002574658346 ], [ 113.654637782708548, -8.154733624556386 ], [ 113.654566779434347, -8.155160733280418 ], [ 113.654334439583792, -8.155750729012155 ], [ 113.653997975327343, -8.156223712153785 ], [ 113.653335827887162, -8.15656642130249 ], [ 113.65286658232796, -8.157054986097954 ], [ 113.65233750217503, -8.157426247822251 ], [ 113.651898778706709, -8.157742860443882 ], [ 113.651822133086029, -8.157800766891075 ], [ 113.65170750010212, -8.158165965386253 ], [ 113.6513408231216, -8.158536161413863 ], [ 113.650812031650986, -8.158951554669745 ], [ 113.650621163137203, -8.159114635031582 ], [ 113.650061483551681, -8.159324266101152 ], [ 113.649663863597382, -8.159257030087062 ], [ 113.649539999972063, -8.159359998864034 ], [ 113.64945736756458, -8.15951245733326 ], [ 113.649458577152743, -8.15969600806352 ], [ 113.649622243872471, -8.15988619129384 ], [ 113.649711507880838, -8.159988589900678 ], [ 113.649712575376171, -8.160150413010346 ], [ 113.649919759390386, -8.160222615980171 ], [ 113.649936172017732, -8.160472610421852 ], [ 113.650025919861378, -8.160648563679416 ], [ 113.650026696875557, -8.160766252559746 ], [ 113.649938500362538, -8.160825678861226 ], [ 113.649790856863689, -8.160826645632334 ], [ 113.649688090434097, -8.16091558858276 ], [ 113.649644574038902, -8.161033568843344 ], [ 113.649660045975338, -8.161204967034806 ], [ 113.649764334957155, -8.16128288699489 ], [ 113.649794738337491, -8.16141509363084 ], [ 113.649825431299618, -8.161591435395586 ], [ 113.649826303642087, -8.161723836285216 ], [ 113.649825925027443, -8.161888467977672 ], [ 113.649813673563244, -8.162047579631302 ], [ 113.649755490124818, -8.162180368128745 ], [ 113.649786570694658, -8.162415554333567 ], [ 113.649714591656107, -8.162695550158759 ], [ 113.649656505344524, -8.162843049766131 ], [ 113.649643294303559, -8.163078524653365 ], [ 113.649619802213152, -8.163224888417052 ], [ 113.649689720005682, -8.163401881291009 ], [ 113.649985202156344, -8.163429370867934 ], [ 113.650222109663645, -8.163530802703576 ], [ 113.650400153845084, -8.163662042568419 ], [ 113.650533906415703, -8.163793572914233 ], [ 113.650594517124333, -8.164028564865554 ], [ 113.65073639596892, -8.164195581559984 ], [ 113.650862022265486, -8.164291625557272 ], [ 113.651203349156233, -8.164554203312989 ], [ 113.651455701620407, -8.164758514892732 ], [ 113.651501355704028, -8.164964180851484 ], [ 113.651532825680434, -8.165258212395752 ], [ 113.651549143878952, -8.165493494828134 ], [ 113.651535253849914, -8.165625991945145 ], [ 113.651758176000087, -8.165845207989129 ], [ 113.651818010593715, -8.165962511060208 ], [ 113.651819078988424, -8.166124332371226 ], [ 113.651642878417221, -8.166272605395573 ], [ 113.6515700270362, -8.166420203029155 ], [ 113.651645305687339, -8.166640386743705 ], [ 113.651661819038736, -8.166905089597385 ], [ 113.651648608897318, -8.167140566283269 ], [ 113.651546424329126, -8.167317778591741 ], [ 113.651455210590612, -8.167472820813202 ], [ 113.651355944322432, -8.167539704293112 ], [ 113.650986734850989, -8.167527414158069 ], [ 113.650750598962105, -8.167543672102038 ], [ 113.650647496186011, -8.167549277576345 ], [ 113.650186343625961, -8.167581505681152 ], [ 113.650071815862688, -8.167578180887556 ], [ 113.649848871229437, -8.167571709366104 ], [ 113.649571487035601, -8.16753750635004 ], [ 113.649246142896246, -8.167539636843955 ], [ 113.649041059698263, -8.167504960784509 ], [ 113.648975557576932, -8.167978631907545 ], [ 113.648072702094652, -8.167844810089118 ], [ 113.647498077575307, -8.167672424442028 ], [ 113.647405733388965, -8.167690576358176 ], [ 113.647186913046667, -8.167706551015684 ], [ 113.646997186671882, -8.16770779297946 ], [ 113.646799825952286, -8.167658186375391 ], [ 113.646645865615284, -8.16755012473762 ], [ 113.646550236205471, -8.167434412567285 ], [ 113.646458351572761, -8.16733321635401 ], [ 113.646337755184248, -8.167304921883865 ], [ 113.646250045204525, -8.167283681695768 ], [ 113.646129690733687, -8.167291739621295 ], [ 113.645892052077556, -8.167220582563004 ], [ 113.64574704269296, -8.167363319360941 ], [ 113.645586576660236, -8.167375275847498 ], [ 113.645505635877541, -8.167274008587853 ], [ 113.645490323120967, -8.167165041332812 ], [ 113.645445390293645, -8.16699082466603 ], [ 113.645386103387054, -8.166853062018429 ], [ 113.645356100204893, -8.166729648053959 ], [ 113.64531889615111, -8.166620822891833 ], [ 113.645223026622517, -8.166468754728438 ], [ 113.645112707686394, -8.166338594050025 ], [ 113.645002818626239, -8.166273871641081 ], [ 113.644849626310247, -8.166282145403912 ], [ 113.644663047562602, -8.166282331563533 ], [ 113.644535941881244, -8.166298738795017 ], [ 113.644404977208978, -8.166357763998764 ], [ 113.644325041868228, -8.166409185434762 ], [ 113.644179384971736, -8.166453764828628 ], [ 113.643887786093529, -8.166499295705119 ], [ 113.643691191596318, -8.166566022703002 ], [ 113.643596233080785, -8.166552102097089 ], [ 113.643486773896569, -8.166552817058069 ], [ 113.643278614117733, -8.166525092758057 ], [ 113.643195079690273, -8.166583807695769 ], [ 113.643071887858341, -8.166715495422981 ], [ 113.64268508764772, -8.166710749700499 ], [ 113.642612594196834, -8.166783937427933 ], [ 113.642393966309569, -8.166828991663831 ], [ 113.642211582899336, -8.166837453384932 ], [ 113.641985370129746, -8.166838931870444 ], [ 113.641795691419148, -8.166847442154921 ], [ 113.641760732073152, -8.166711895436805 ], [ 113.641728294426358, -8.166586118054074 ], [ 113.641726524560596, -8.166317094857199 ], [ 113.641721471270003, -8.166138487700223 ], [ 113.641719243649248, -8.166008284753755 ], [ 113.640897933293971, -8.166029238058091 ], [ 113.639727057358826, -8.166036878698211 ], [ 113.638652575257225, -8.166067862141311 ], [ 113.638435610216362, -8.166066203791409 ], [ 113.637166156893727, -8.16605649830797 ], [ 113.637016293867902, -8.166038972319932 ], [ 113.635660644124513, -8.165999463303784 ], [ 113.634674270402343, -8.16601388033553 ], [ 113.634039945288308, -8.166022835784446 ], [ 113.63362373724668, -8.166028711954752 ], [ 113.632613722146587, -8.16602523787364 ], [ 113.63260974714315, -8.16614582167152 ], [ 113.632592678010738, -8.166299033772571 ], [ 113.632604177641753, -8.166559117708292 ], [ 113.63259372392227, -8.166916057729033 ], [ 113.6325944739568, -8.167030434406229 ], [ 113.632595554042595, -8.167195262150837 ], [ 113.632591061928977, -8.16752769204858 ], [ 113.632600261094225, -8.167913217919896 ], [ 113.632598076640988, -8.168017619316846 ], [ 113.632590100553813, -8.168398590122059 ], [ 113.632558703422433, -8.168697953746705 ], [ 113.632547582405977, -8.169037073701222 ], [ 113.63253255923135, -8.169289796685984 ], [ 113.632429930398104, -8.169410129573016 ], [ 113.632370668672451, -8.169530178274307 ], [ 113.632376704922081, -8.169662064751691 ], [ 113.632404385155297, -8.169819385855213 ], [ 113.632410139917027, -8.170064904371042 ], [ 113.632449114735863, -8.170300838811826 ], [ 113.632484872679854, -8.170666245949707 ], [ 113.632554205912953, -8.171064675293714 ], [ 113.632603569699967, -8.171469882827996 ], [ 113.632625111161033, -8.171702422328096 ], [ 113.632620301586698, -8.171812641439445 ], [ 113.632659866360726, -8.171914933926281 ], [ 113.632667364908031, -8.172041196942857 ], [ 113.632708356906178, -8.172187184789912 ], [ 113.632762430442853, -8.172293201369339 ], [ 113.632776863662357, -8.172459308849199 ], [ 113.632818822431787, -8.172620115724925 ], [ 113.632858714559077, -8.172731343875615 ], [ 113.63301024043129, -8.172690467889996 ], [ 113.633114747948326, -8.172626585447727 ], [ 113.633271760584279, -8.172635579567576 ], [ 113.633345717232118, -8.172721523278923 ], [ 113.633386402561442, -8.172820978404658 ], [ 113.633527254380269, -8.172933077098985 ], [ 113.633594801559852, -8.173058948910537 ], [ 113.633595413098845, -8.173152017950478 ], [ 113.633616039050025, -8.173244954790036 ], [ 113.633576619066744, -8.173338283733987 ], [ 113.633577361007468, -8.173451296139643 ], [ 113.633578102048745, -8.17356430674656 ], [ 113.633585471992959, -8.173670626397509 ], [ 113.633579541863497, -8.173783681970502 ], [ 113.633569601656887, -8.173888068978428 ], [ 113.63363431327403, -8.173996061368303 ], [ 113.633681584338689, -8.17408217685016 ], [ 113.63375257861972, -8.174224647448767 ], [ 113.633750180127734, -8.174367593788688 ], [ 113.633717824319206, -8.174520708762898 ], [ 113.633699160688835, -8.174726918811491 ], [ 113.633659652571964, -8.174806953077638 ], [ 113.633550032409161, -8.174886168061366 ], [ 113.633494164724993, -8.175007470417615 ], [ 113.633475152157644, -8.175160499056975 ], [ 113.633422781037581, -8.175313744433009 ], [ 113.633322484146348, -8.175281158397894 ], [ 113.633256419049488, -8.175381308699635 ], [ 113.633188066077409, -8.175641026611256 ], [ 113.63314609561688, -8.175854037333206 ], [ 113.633169799048005, -8.175990238757745 ], [ 113.633361694587649, -8.17604089576993 ], [ 113.633421608321697, -8.17615140086567 ], [ 113.633499760306762, -8.176249705758519 ], [ 113.633648846318209, -8.176209751577932 ], [ 113.633696335018925, -8.176329106901957 ], [ 113.633683645584796, -8.176428910065379 ], [ 113.633671088351051, -8.176548655695147 ], [ 113.633685261666557, -8.176674876443577 ], [ 113.633719230858901, -8.176767726048915 ], [ 113.633786736669705, -8.176886950971205 ], [ 113.633840985574096, -8.177019556906238 ], [ 113.633848618120254, -8.177165763288528 ], [ 113.633856164331547, -8.177298674993015 ], [ 113.633803792312207, -8.177451920369048 ], [ 113.633744705055165, -8.177598562023245 ], [ 113.633755454651578, -8.177711506979655 ], [ 113.633902751012187, -8.177788660717365 ], [ 113.633860266139422, -8.17792355992357 ], [ 113.633794201941924, -8.178023711124592 ], [ 113.633661068104814, -8.178071114389638 ], [ 113.633565605069649, -8.17816054387319 ], [ 113.633569851668454, -8.178346610906527 ], [ 113.633496627068737, -8.178431178655153 ], [ 113.633443775710703, -8.17851130015552 ], [ 113.633444473584632, -8.178617663873265 ], [ 113.633398729568768, -8.178764217393873 ], [ 113.633275648353589, -8.178823677869616 ], [ 113.633279636846865, -8.178917898941094 ], [ 113.633330311845455, -8.179013965421376 ], [ 113.633400824989138, -8.179083309446387 ], [ 113.633448185086763, -8.179182719606047 ], [ 113.63346235840217, -8.179308940354566 ], [ 113.63348320288857, -8.179435117036203 ], [ 113.633490793166672, -8.17957467473067 ], [ 113.633542055422623, -8.179760483658558 ], [ 113.633546221082256, -8.179886770057585 ], [ 113.633560394397676, -8.180012989007455 ], [ 113.63363812639939, -8.180165386322667 ], [ 113.633912181303231, -8.180240050736963 ], [ 113.634009253225457, -8.18028927872647 ], [ 113.634169990853479, -8.180381300955418 ], [ 113.634323710172083, -8.180420187640756 ], [ 113.634531109124396, -8.180505258110358 ], [ 113.634712040129514, -8.180623741991287 ], [ 113.634831656257006, -8.180549833906923 ], [ 113.634965003233305, -8.180555717271741 ], [ 113.635040000396813, -8.180649998597776 ], [ 113.635151817603415, -8.180861863583331 ], [ 113.63523000016535, -8.181009999910803 ], [ 113.635006571697005, -8.181224492715387 ], [ 113.634820000143947, -8.181470000439404 ], [ 113.634710001366585, -8.181740000299918 ], [ 113.634570000306326, -8.182149999422126 ], [ 113.634504410950868, -8.182552903792704 ], [ 113.634490000214441, -8.18265999865919 ], [ 113.634420000583631, -8.183109999625991 ], [ 113.634289999984645, -8.183429999993706 ], [ 113.63425441201251, -8.183514287153802 ], [ 113.63372000067848, -8.184779999296719 ], [ 113.633588512600809, -8.185248422875578 ], [ 113.633559999595349, -8.185350000401435 ], [ 113.633520000448684, -8.185480000101151 ], [ 113.633240000127003, -8.186200000029185 ], [ 113.633114217348322, -8.186518735950042 ], [ 113.633010000312339, -8.186980000026132 ], [ 113.632876737872152, -8.187397977034248 ], [ 113.632770364261958, -8.187634133607567 ], [ 113.632720538223367, -8.187931097841126 ], [ 113.632692170008667, -8.18802145542503 ], [ 113.632619103689805, -8.188254192775933 ], [ 113.632427230633155, -8.188603672021031 ], [ 113.632299654606442, -8.188888246294688 ], [ 113.632301009884728, -8.189094593939526 ], [ 113.63223789996016, -8.189340054898818 ], [ 113.632123013367377, -8.189585854003177 ], [ 113.631995265570154, -8.189844633921915 ], [ 113.631867690442618, -8.190129207296291 ], [ 113.631804663255679, -8.190387565433042 ], [ 113.631637235570992, -8.190517630783265 ], [ 113.631431824120483, -8.190776917919649 ], [ 113.631381742674279, -8.191035190620742 ], [ 113.631556537605178, -8.191149106845018 ], [ 113.631469999441961, -8.191499999824313 ], [ 113.631439999857179, -8.191849999776888 ], [ 113.631379998888903, -8.192319999867291 ], [ 113.631089999904617, -8.192769999934722 ], [ 113.630649999398983, -8.192950000141551 ], [ 113.629950000393279, -8.193059999818296 ], [ 113.629130000350301, -8.192999999749382 ], [ 113.628520000099016, -8.192930000118579 ], [ 113.627820000193864, -8.192800000418863 ], [ 113.627080001142232, -8.19250999963592 ], [ 113.626960000104944, -8.192020000421916 ], [ 113.626839999967032, -8.190779999896279 ], [ 113.626690001143714, -8.189929999369159 ], [ 113.626640000636598, -8.189389998748673 ], [ 113.626680000682541, -8.189069999280239 ], [ 113.626570000106426, -8.188779999396665 ], [ 113.626240000176921, -8.188219998753119 ], [ 113.625850000178389, -8.187639999885253 ], [ 113.625550000733028, -8.187229999863764 ], [ 113.625249998589624, -8.186930000418389 ], [ 113.624999999651365, -8.186690000142558 ], [ 113.623765312320415, -8.186403550782416 ], [ 113.62200000070051, -8.186159999983243 ], [ 113.621186459588429, -8.186036901680847 ], [ 113.619560122003122, -8.185664826969361 ], [ 113.618489998915379, -8.185420000032238 ], [ 113.616749999613845, -8.184869999849774 ], [ 113.616546774415127, -8.184855984815041 ], [ 113.615868347447275, -8.184799600920066 ], [ 113.616024222440984, -8.184541544056188 ], [ 113.615938886671344, -8.184150321879045 ], [ 113.615889701849341, -8.183990754269075 ], [ 113.615812030102092, -8.183738750741963 ], [ 113.615720319937822, -8.183570075697631 ], [ 113.615644454928628, -8.183430541385615 ], [ 113.61516754534702, -8.183289293865002 ], [ 113.614875807973291, -8.182981886703853 ], [ 113.614832536193617, -8.182693493009506 ], [ 113.614681489660029, -8.181745966402463 ], [ 113.614678664889567, -8.181312970716224 ], [ 113.61454977405387, -8.180940238600297 ], [ 113.61417931632343, -8.180903807963567 ], [ 113.61364019344127, -8.180742341884748 ], [ 113.613152355297956, -8.18057588187062 ], [ 113.612212319144334, -8.180106560768373 ], [ 113.612087717175413, -8.180066070591828 ], [ 113.611992660633845, -8.180035181577548 ], [ 113.611835984344211, -8.179817801049836 ], [ 113.611643960201576, -8.179782642953757 ], [ 113.611296506229763, -8.179721192278365 ], [ 113.611051481441748, -8.179596915864138 ], [ 113.610893306881636, -8.179514502891248 ], [ 113.610718662137629, -8.179342735977666 ], [ 113.610644475263385, -8.179170318854332 ], [ 113.610442965071826, -8.179080624070732 ], [ 113.610260135597869, -8.179054505959858 ], [ 113.610022211856631, -8.178983244580216 ], [ 113.610010422643995, -8.178851406666297 ], [ 113.609910963021505, -8.178729169914465 ], [ 113.609728370069291, -8.178739449165427 ], [ 113.609509127945003, -8.178731765357881 ], [ 113.609321082403113, -8.178605582380925 ], [ 113.609142756733945, -8.178570336151257 ], [ 113.609096503701693, -8.178479636824985 ], [ 113.609113761691759, -8.17832482842724 ], [ 113.609128569928615, -8.178218131960378 ], [ 113.609103030081755, -8.178079202892128 ], [ 113.609011290239906, -8.178016095665484 ], [ 113.608826252030966, -8.178001365669683 ], [ 113.608718158916957, -8.177881492336201 ], [ 113.608721779587569, -8.177735872311896 ], [ 113.60872527884969, -8.177572052707259 ], [ 113.608724274306837, -8.177417363020066 ], [ 113.608686440727723, -8.177217409554991 ], [ 113.608677404339815, -8.177052044915143 ], [ 113.608609897629819, -8.176971674302578 ], [ 113.608627695213045, -8.176800430794493 ], [ 113.608578816160502, -8.176963042609529 ], [ 113.608401081345818, -8.176873461140531 ], [ 113.608254485557154, -8.176801608906324 ], [ 113.608098580885851, -8.176702517106669 ], [ 113.60797938384259, -8.176630487706092 ], [ 113.607851469670635, -8.176622213943261 ], [ 113.607568479103023, -8.176642240046526 ], [ 113.606882392609364, -8.176765601850231 ], [ 113.606656500897898, -8.176780112411429 ], [ 113.60513261407992, -8.176877999119501 ], [ 113.604662435923686, -8.177252611717865 ], [ 113.604489999914563, -8.177389999348204 ], [ 113.603749999963654, -8.177759999323751 ], [ 113.602468010990989, -8.177626762963939 ], [ 113.600813914031932, -8.1774548476623 ], [ 113.600190001268615, -8.177389999348204 ], [ 113.600020000623502, -8.177409999371175 ], [ 113.59972000027885, -8.177409999371175 ], [ 113.59937999898888, -8.177359999763343 ], [ 113.599170000096478, -8.177230000063716 ], [ 113.599090000004594, -8.177079999441659 ], [ 113.59900999991261, -8.176719999927194 ], [ 113.598949999843612, -8.176479998752171 ], [ 113.598810000582176, -8.17624999983688 ], [ 113.598500000675557, -8.175730000138557 ], [ 113.598289999984587, -8.175349999701929 ], [ 113.597870000401286, -8.175070000279526 ], [ 113.597260000150001, -8.174629999773895 ], [ 113.597180000057932, -8.174430000443376 ], [ 113.597200000980365, -8.173980000375945 ], [ 113.596980000727513, -8.173189999917739 ], [ 113.596290000384244, -8.172710001164816 ], [ 113.595390000249381, -8.172479999551506 ], [ 113.594628781693899, -8.172422840440905 ], [ 113.594059584583221, -8.172531311270202 ], [ 113.593905784325528, -8.172559683082124 ], [ 113.593815513975841, -8.172552887804716 ], [ 113.593702813634962, -8.172544405399183 ], [ 113.593527340615296, -8.1725311979556 ], [ 113.593419395889427, -8.172523072580915 ], [ 113.593217595216899, -8.172507883930933 ], [ 113.592980000627563, -8.172490000012676 ], [ 113.592866784075881, -8.172484520443433 ], [ 113.592606427645592, -8.172471922740197 ], [ 113.592481748335075, -8.172465890987233 ], [ 113.592375538401512, -8.172460751361797 ], [ 113.59228567094803, -8.172456403139659 ], [ 113.592095231410923, -8.172447186887364 ], [ 113.591923603892226, -8.172438883446851 ], [ 113.591750639081752, -8.172429909112243 ], [ 113.591544057613206, -8.172412399311966 ], [ 113.591326725648955, -8.172392880426258 ], [ 113.590545614089791, -8.172322720716217 ], [ 113.590070000431197, -8.172307998814297 ], [ 113.590050000408226, -8.171979999876243 ], [ 113.590050000408226, -8.17173999870122 ], [ 113.58999999990111, -8.171649999946727 ], [ 113.58985000017843, -8.171539999370701 ], [ 113.589750000063574, -8.171400000109095 ], [ 113.589750000063574, -8.171259999948209 ], [ 113.589820000593562, -8.17107000107886 ], [ 113.589820000593562, -8.170819999442667 ], [ 113.589500000225939, -8.170470000389372 ], [ 113.589410000572073, -8.170369999375147 ], [ 113.58942000013397, -8.17021999965246 ], [ 113.589460000179912, -8.170069999929773 ], [ 113.589410000572073, -8.169780000046199 ], [ 113.589390001448479, -8.169639999885312 ], [ 113.589480000202883, -8.169419999632453 ], [ 113.589529998911431, -8.169229999863735 ], [ 113.589520000248825, -8.169119999287709 ], [ 113.589290000434161, -8.168759999773421 ], [ 113.588930000020596, -8.168089998553761 ], [ 113.588780001197193, -8.16764000028498 ], [ 113.588738996608399, -8.167259873943198 ], [ 113.588730000689992, -8.166989999987749 ], [ 113.588789999859614, -8.166769999734889 ], [ 113.588970000066539, -8.166549998582749 ], [ 113.589050000158423, -8.166449999367174 ], [ 113.589070000181479, -8.166330001027909 ], [ 113.58915500140327, -8.165999998400462 ], [ 113.589920000708503, -8.165559999693393 ], [ 113.590250000638122, -8.165339999440622 ], [ 113.59064000063654, -8.164959999903274 ], [ 113.591169999896579, -8.164329999629015 ], [ 113.591380000587634, -8.164049999307242 ], [ 113.591500000725546, -8.163829999953752 ], [ 113.591539999872126, -8.163629999723952 ], [ 113.591530001209691, -8.163419999932263 ], [ 113.591470000241316, -8.163299999794347 ], [ 113.591320001418012, -8.163159999633461 ], [ 113.591189999919635, -8.163039998596265 ], [ 113.591090000704071, -8.162849999726916 ], [ 113.591020000173899, -8.162690000442339 ], [ 113.59092999962084, -8.162549999382172 ], [ 113.590920000058944, -8.162379999636514 ], [ 113.591010000612087, -8.162189999867795 ], [ 113.591220000403695, -8.161980000076106 ], [ 113.591390000149431, -8.161829998554769 ], [ 113.591408920086707, -8.161735397070078 ], [ 113.591539999872126, -8.161079999941244 ], [ 113.591590000379242, -8.160929999319187 ], [ 113.591780000147963, -8.160759999573528 ], [ 113.592070000031526, -8.160529999758868 ], [ 113.592319999869162, -8.160219998952954 ], [ 113.592469999591941, -8.159959998654152 ], [ 113.592560000144999, -8.159649999646977 ], [ 113.592509171362209, -8.159268795018047 ], [ 113.592480000053015, -8.159049999856769 ], [ 113.592399999961131, -8.158609999351228 ], [ 113.592399999961131, -8.158339998591256 ], [ 113.592670000721014, -8.157849999377163 ], [ 113.593330000580053, -8.157059999818326 ], [ 113.593409998873454, -8.15693000011861 ], [ 113.593449998919397, -8.156639999335667 ], [ 113.59342999889634, -8.156509998736581 ], [ 113.59335000060311, -8.156349998552813 ], [ 113.59299999885198, -8.156139998761123 ], [ 113.592880001411984, -8.156059999568519 ], [ 113.592779998599113, -8.155920000307002 ], [ 113.592789999060287, -8.155549999432175 ], [ 113.592830000005506, -8.155390001046879 ], [ 113.593030000235302, -8.155139999410686 ], [ 113.593110001226563, -8.155029999733852 ], [ 113.593070000281429, -8.154850000426393 ], [ 113.593030000235302, -8.154739999850367 ], [ 113.593079999843226, -8.154599999689392 ], [ 113.593409998873454, -8.154239999275735 ], [ 113.593619999564339, -8.153979999876302 ], [ 113.59366000140902, -8.153839999715416 ], [ 113.593599998642091, -8.153680000430839 ], [ 113.593390000649052, -8.153380000086184 ], [ 113.593260000049966, -8.153209999441156 ], [ 113.593190000419256, -8.152510000435374 ], [ 113.593199999981053, -8.152239999675402 ], [ 113.593159999935111, -8.151919999307687 ], [ 113.593159999035834, -8.151659999908254 ], [ 113.593210000442227, -8.151490000162596 ], [ 113.593320000118965, -8.15134000043982 ], [ 113.593540000371746, -8.151179999356682 ], [ 113.593670000071455, -8.151089999702908 ], [ 113.593890001223599, -8.150739999750421 ], [ 113.593989998640609, -8.150329998829562 ], [ 113.59400000000106, -8.149959999753385 ], [ 113.594009999562857, -8.149720000376924 ], [ 113.594140000161943, -8.149520001046405 ], [ 113.594249998939404, -8.1494299986947 ], [ 113.594430000045435, -8.149339999940295 ], [ 113.594530000160375, -8.149239999825351 ], [ 113.594560000644606, -8.14878999885855 ], [ 113.594559998845952, -8.148649998697664 ], [ 113.594650000298287, -8.148559999943259 ], [ 113.594820000044038, -8.148509999436058 ], [ 113.595149999973643, -8.148609998651722 ], [ 113.59529000013444, -8.148649998697664 ], [ 113.595420000733526, -8.148620000012173 ], [ 113.595539999972075, -8.148530000358488 ], [ 113.595680000132958, -8.148100000313939 ], [ 113.59580000027087, -8.147379998587255 ], [ 113.595837043345881, -8.147054011432651 ], [ 113.595845001446719, -8.146899999834332 ], [ 113.595994037096148, -8.146900534930921 ], [ 113.59584297257615, -8.146860781299246 ], [ 113.595840001216189, -8.14685999978839 ], [ 113.595829999855738, -8.146609999950758 ], [ 113.595789998910419, -8.146189998568818 ], [ 113.595780000247814, -8.146089999353155 ], [ 113.595847724593938, -8.145615919038594 ], [ 113.595909999947622, -8.145309999356208 ], [ 113.595872062047064, -8.144997007405184 ], [ 113.59580000027087, -8.144589999428174 ], [ 113.595845207391406, -8.144039978561366 ], [ 113.59586000123906, -8.14385999993825 ], [ 113.59586999990168, -8.14363000012359 ], [ 113.595889999924566, -8.143349999801817 ], [ 113.595829998956361, -8.14320000007913 ], [ 113.595740000201872, -8.142959999803299 ], [ 113.595650001447467, -8.142750000011699 ], [ 113.595580000018018, -8.14256999980487 ], [ 113.595230000065527, -8.142230000313464 ], [ 113.595100001265095, -8.142149999322211 ], [ 113.594489999215156, -8.14212999929924 ], [ 113.594260001199146, -8.142090000152578 ], [ 113.594080000092944, -8.141990000037634 ], [ 113.593840000716568, -8.141749999761892 ], [ 113.5937000005556, -8.141539999970203 ], [ 113.593520001248052, -8.140789999558027 ], [ 113.59335000060311, -8.140169998845568 ], [ 113.593190000419256, -8.139489999862846 ], [ 113.593078560927921, -8.139279505443973 ], [ 113.593010000212416, -8.139150000371441 ], [ 113.592934926606603, -8.139005628606053 ], [ 113.592880001411984, -8.13889999963444 ], [ 113.592820000443709, -8.138589999727895 ], [ 113.593010000212416, -8.137680000031231 ], [ 113.593030000235302, -8.137390001046938 ], [ 113.593030000235302, -8.137069999779854 ], [ 113.593060000719532, -8.136819999942222 ], [ 113.593317881316239, -8.136403178563032 ], [ 113.593399999311572, -8.136279999321648 ], [ 113.593419999334543, -8.136070000429328 ], [ 113.593330000580053, -8.135710000015671 ], [ 113.593119999889169, -8.135229998564817 ], [ 113.59285999959036, -8.134749999811806 ], [ 113.592728722853238, -8.134539958651342 ], [ 113.592610000652016, -8.134349999352207 ], [ 113.592370000376278, -8.133820000092083 ], [ 113.592303009876986, -8.133508498317752 ], [ 113.592170000146467, -8.132889998573798 ], [ 113.592125924372866, -8.132745291361275 ], [ 113.591999998602077, -8.132469999889789 ], [ 113.591960000354788, -8.132380001135385 ], [ 113.591849998879383, -8.132050000306499 ], [ 113.591799999271643, -8.131799999569498 ], [ 113.591800000170934, -8.131639999385641 ], [ 113.591869998902354, -8.131489999662953 ], [ 113.592170000146467, -8.131050000056604 ], [ 113.592218950245382, -8.130907598705893 ], [ 113.592280000722582, -8.130729999688889 ], [ 113.592319999869162, -8.130409999321174 ], [ 113.592379999038798, -8.129969998815543 ], [ 113.59233999899277, -8.129570000154594 ], [ 113.592361804854505, -8.129192048373522 ], [ 113.592370000376278, -8.12904999955699 ], [ 113.592361722116863, -8.128884425375158 ], [ 113.592239998877815, -8.128640000434871 ], [ 113.592020000423787, -8.128349999651928 ], [ 113.591909999847672, -8.128089999353126 ], [ 113.591882911368302, -8.127981648133751 ], [ 113.591800000170934, -8.127649999746865 ], [ 113.591639527842972, -8.127401996404203 ], [ 113.591249999988548, -8.126800000119115 ], [ 113.591010000612087, -8.126300000443852 ], [ 113.590869999551842, -8.125759999823366 ], [ 113.590690000244464, -8.12518000005613 ], [ 113.590647063012653, -8.125025427280839 ], [ 113.590593591122357, -8.124870055008191 ], [ 113.590569999207091, -8.124560001142321 ], [ 113.590479999553409, -8.123959999553463 ], [ 113.590429999945655, -8.123669999669978 ], [ 113.590380001237108, -8.123230000063629 ], [ 113.590320000268918, -8.122849998727631 ], [ 113.590090379968188, -8.122289950420079 ], [ 113.589910000247428, -8.121849999377194 ], [ 113.589810000132488, -8.121499999424618 ], [ 113.589800000570676, -8.121240000025185 ], [ 113.589910000247428, -8.120950000141612 ], [ 113.59020000013092, -8.120529999658952 ], [ 113.590340001191166, -8.120329999429153 ], [ 113.590409999922599, -8.120179999706377 ], [ 113.590449999069264, -8.119960000352975 ], [ 113.590400000360802, -8.119549999432117 ], [ 113.590330000730006, -8.11918999991774 ], [ 113.590330000730006, -8.118940000080197 ], [ 113.590310000707035, -8.118630001072933 ], [ 113.590090638073548, -8.118170711908011 ], [ 113.589990001238675, -8.117959999853362 ], [ 113.589789795963384, -8.117631091700737 ], [ 113.589710000017632, -8.117499999324671 ], [ 113.589620000363766, -8.117039999695439 ], [ 113.589640000386822, -8.11662000011215 ], [ 113.589531858709435, -8.116115338351413 ], [ 113.589454999949368, -8.115740000000169 ], [ 113.589410000572073, -8.115390000047682 ], [ 113.589040000596611, -8.114739999750363 ], [ 113.588800001220065, -8.114209999591047 ], [ 113.588656619608415, -8.113847600685407 ], [ 113.588210000092474, -8.113099999664406 ], [ 113.588109999977519, -8.11296999996469 ], [ 113.588029999885634, -8.112859999388665 ], [ 113.587760000025042, -8.112579999966172 ], [ 113.587570000256406, -8.112369999275202 ], [ 113.587350000003553, -8.11210999987577 ], [ 113.587289999934541, -8.112040001144337 ], [ 113.587180000257803, -8.111840000015167 ], [ 113.587140000211861, -8.111670000269509 ], [ 113.587032854983349, -8.110829767279125 ], [ 113.586950000443238, -8.11017999990624 ], [ 113.586855000558913, -8.109799998570242 ], [ 113.586599999591371, -8.109560000992431 ], [ 113.586489999914633, -8.109379998986952 ], [ 113.586180000008085, -8.108920001156282 ], [ 113.58591999970929, -8.108659999958199 ], [ 113.585620001163193, -8.108459999728399 ], [ 113.58490999989759, -8.108129999798884 ], [ 113.584689999644908, -8.108000000998448 ], [ 113.584620000014098, -8.107789999408197 ], [ 113.584599999991042, -8.106999999849361 ], [ 113.584519999899157, -8.106720000426868 ], [ 113.584230000015495, -8.106639999435615 ], [ 113.583659998910861, -8.106520001096349 ], [ 113.583560000594574, -8.106420000082124 ], [ 113.583439999557385, -8.106159999783323 ], [ 113.583250000688025, -8.10592000040695 ], [ 113.582790000159434, -8.105479999901231 ], [ 113.58264000043674, -8.105479999901231 ], [ 113.582019999724281, -8.105430000293488 ], [ 113.581809999932588, -8.105310000155573 ], [ 113.581040000396811, -8.104679999881313 ], [ 113.580800000120888, -8.104419999582511 ], [ 113.580319999569411, -8.104080000091106 ], [ 113.580020000123952, -8.103839999815364 ], [ 113.579760000724519, -8.103509999885759 ], [ 113.579810000332259, -8.103369998825592 ], [ 113.579899999086663, -8.103039999795357 ], [ 113.579929999570808, -8.10266999981981 ], [ 113.579859999940183, -8.102399999959207 ], [ 113.579620000563636, -8.101900000284033 ], [ 113.579429999895638, -8.101740000100087 ], [ 113.579200000080974, -8.101519998948035 ], [ 113.579119999989089, -8.101319999617516 ], [ 113.579019999874134, -8.1011899999178 ], [ 113.578850000128483, -8.101059999318714 ], [ 113.578299999946111, -8.100799999919282 ], [ 113.578070000131447, -8.100689999343256 ], [ 113.577993608119527, -8.100635888934303 ], [ 113.577828381075932, -8.100517300732022 ], [ 113.577709999717698, -8.100319999367709 ], [ 113.577589999579871, -8.099979998976934 ], [ 113.57751999994916, -8.099819999692446 ], [ 113.577310000157468, -8.099489999762842 ], [ 113.577040000296876, -8.099290000432323 ], [ 113.57683000140446, -8.09924999858773 ], [ 113.576550000183403, -8.099279999971241 ], [ 113.57597999997806, -8.099309998656732 ], [ 113.575649999149178, -8.099270000409351 ], [ 113.575549999034223, -8.099189999418098 ], [ 113.5755499999336, -8.099089999303242 ], [ 113.575600001339993, -8.098859998589301 ], [ 113.575649999149178, -8.098580000066178 ], [ 113.575639999587366, -8.098319998868096 ], [ 113.57546999984163, -8.097999999399661 ], [ 113.575320000118936, -8.097899999284717 ], [ 113.575170000396255, -8.097899999284717 ], [ 113.575020000673561, -8.097959999353719 ], [ 113.574190000169409, -8.098289999283235 ], [ 113.573989999939613, -8.098219998753152 ], [ 113.573780000147934, -8.098009999860743 ], [ 113.573689999594876, -8.097860000138056 ], [ 113.573639999987137, -8.097359999563512 ], [ 113.573549999433993, -8.097080000141109 ], [ 113.573420000633547, -8.096919999957251 ], [ 113.573220000403666, -8.096749999312223 ], [ 113.572869999551898, -8.096509999935762 ], [ 113.572680000682539, -8.096379999336676 ], [ 113.572660000659567, -8.096150000421385 ], [ 113.57277000033632, -8.095799998670159 ], [ 113.572810000382262, -8.09560999890153 ], [ 113.572889999574869, -8.094849999826835 ], [ 113.572790000359291, -8.094620000012174 ], [ 113.57270000070551, -8.094599999989203 ], [ 113.572519999599322, -8.094669998720637 ], [ 113.572290000684035, -8.094700001003428 ], [ 113.572169999646832, -8.094609998651723 ], [ 113.572139999162687, -8.094409999321204 ], [ 113.572120000039007, -8.093810000430366 ], [ 113.57212999960089, -8.093420000431848 ], [ 113.572039999947023, -8.093010000410359 ], [ 113.571950000293342, -8.092949999442077 ], [ 113.571299999996114, -8.092670000019673 ], [ 113.571160000734508, -8.092489999812845 ], [ 113.571090001103698, -8.092129999399187 ], [ 113.571090001103698, -8.091779999446612 ], [ 113.571110000227392, -8.090949999841833 ], [ 113.57098000142696, -8.090780000096085 ], [ 113.570820000343815, -8.090690000442311 ], [ 113.570510001336558, -8.090610000350427 ], [ 113.570020000323808, -8.09046999929026 ], [ 113.570109999977589, -8.090350000051714 ], [ 113.570475000621869, -8.089779999846279 ], [ 113.570089999954618, -8.089509999985676 ], [ 113.570089999954618, -8.089309999755876 ], [ 113.570150000023531, -8.088850000126644 ], [ 113.570199999631271, -8.088469999689927 ], [ 113.570230000115416, -8.088079998792129 ], [ 113.570184999838929, -8.08768999969298 ], [ 113.570049999009214, -8.087299999694462 ], [ 113.569800000071041, -8.086569999305169 ], [ 113.569739999102666, -8.08638999999771 ], [ 113.569710001316636, -8.086279999421595 ], [ 113.569710001316636, -8.086020000022163 ], [ 113.569820000093927, -8.085809999331193 ], [ 113.56991000064707, -8.085759999723361 ], [ 113.570330000230356, -8.08553999857131 ], [ 113.570459999030703, -8.085420001131325 ], [ 113.570479999953136, -8.085300000094129 ], [ 113.570439999907109, -8.085150000371442 ], [ 113.570350000253327, -8.085039999795328 ], [ 113.57024999923911, -8.085009999311275 ], [ 113.570029999885605, -8.085019999772356 ], [ 113.569220000303886, -8.085139999910272 ], [ 113.569010001411485, -8.085049999357217 ], [ 113.569090000604092, -8.084839999565528 ], [ 113.569349999104247, -8.084599999289697 ], [ 113.569710000417174, -8.084219999752438 ], [ 113.570100001315069, -8.083760000123117 ], [ 113.570259999700269, -8.083499999824316 ], [ 113.570370000276384, -8.083200000378852 ], [ 113.570410000322326, -8.08296000010311 ], [ 113.570159999585329, -8.082209999690935 ], [ 113.570109999078213, -8.081869999300249 ], [ 113.570320000668559, -8.081710000015672 ], [ 113.57070000110528, -8.081569999854786 ], [ 113.571420000133941, -8.081589999877757 ], [ 113.57176999918714, -8.081509999785872 ], [ 113.572039999047746, -8.081299999994183 ], [ 113.572059999970094, -8.081209999441128 ], [ 113.571999999901081, -8.081109999326184 ], [ 113.571790000109488, -8.080719999327666 ], [ 113.57183000015543, -8.08060000008912 ], [ 113.572010000362255, -8.080409999421121 ], [ 113.572270000661064, -8.080150000021689 ], [ 113.572819999044782, -8.079199999379714 ], [ 113.573420000633547, -8.078630000073648 ], [ 113.573479998903821, -8.078359999313676 ], [ 113.573740000101992, -8.078039998945961 ], [ 113.573900000285761, -8.077949999292187 ], [ 113.574469999591912, -8.077850000076612 ], [ 113.575589999979542, -8.077629999823841 ], [ 113.57571999967935, -8.077549998832588 ], [ 113.576020000024087, -8.077039999595524 ], [ 113.576120000138943, -8.07674000104943 ], [ 113.576129999700839, -8.076590000427373 ], [ 113.576160000184885, -8.076160000382913 ], [ 113.57619000066903, -8.075649999347199 ], [ 113.576230000714972, -8.075439998656229 ], [ 113.576369999976578, -8.075279999371652 ], [ 113.576499999676386, -8.075200001078329 ], [ 113.576920000158864, -8.075180000156077 ], [ 113.577149999973614, -8.075069999580052 ], [ 113.577220001402978, -8.074979999926278 ], [ 113.57726000144892, -8.074859999788362 ], [ 113.577220001402978, -8.074670000019733 ], [ 113.57702999893641, -8.0741599998833 ], [ 113.577069999881559, -8.073930000068639 ], [ 113.577380000687555, -8.073389999448153 ], [ 113.577479999003756, -8.073130000048632 ], [ 113.577489998565653, -8.072959999403604 ], [ 113.57751999994916, -8.072780000096145 ], [ 113.577600000041045, -8.072740000050114 ], [ 113.577990000039563, -8.072559999843286 ], [ 113.578110000177389, -8.072330000028714 ], [ 113.578109999278112, -8.072219998553319 ], [ 113.578070000131447, -8.071989999638028 ], [ 113.577940000431639, -8.071359999363679 ], [ 113.577920174877292, -8.071227828700554 ], [ 113.577880000362825, -8.07095999980336 ], [ 113.577860000339754, -8.070659998559247 ], [ 113.577810000732015, -8.070540001119351 ], [ 113.577849999878595, -8.070369998675673 ], [ 113.578030000085505, -8.070059999668409 ], [ 113.578200000730448, -8.069769999784835 ], [ 113.578540001121127, -8.069119998588235 ], [ 113.578540001121127, -8.068920000157085 ], [ 113.578430001444389, -8.068709998566746 ], [ 113.578219999854127, -8.068430000043712 ], [ 113.578090000154504, -8.068239999375713 ], [ 113.57821000029233, -8.068069999629966 ], [ 113.578299999946111, -8.067909999446108 ], [ 113.578330000430242, -8.067710000115589 ], [ 113.57827999992314, -8.067589999977674 ], [ 113.578110000177389, -8.067340000140042 ], [ 113.5777000001559, -8.066779998597305 ], [ 113.5775699995569, -8.066609998851558 ], [ 113.577299999696294, -8.066270001158802 ], [ 113.577270000111525, -8.066040000444861 ], [ 113.577299999696294, -8.065859999338663 ], [ 113.57751999994916, -8.065439999755373 ], [ 113.577640000086987, -8.065209999940713 ], [ 113.577620000064016, -8.065040001094335 ], [ 113.577470000341322, -8.064799999919313 ], [ 113.577279999673323, -8.064409999920795 ], [ 113.577230000065498, -8.06407999999119 ], [ 113.577179999558467, -8.063599999439617 ], [ 113.577079999443527, -8.06299999964941 ], [ 113.576900000135979, -8.062739999350697 ], [ 113.576739999952125, -8.062669999719894 ], [ 113.576460001428913, -8.062560000043149 ], [ 113.576210000692086, -8.062399999859291 ], [ 113.576160000184885, -8.062289999283266 ], [ 113.576170000646059, -8.062179999606521 ], [ 113.576300000345782, -8.061399999609485 ], [ 113.57626000029984, -8.060980000026195 ], [ 113.576180000207856, -8.06085999988828 ], [ 113.576090000554174, -8.060619999612449 ], [ 113.575850000278336, -8.060059999868272 ], [ 113.575580000417744, -8.059719998578217 ], [ 113.574890000074475, -8.059500000124096 ], [ 113.574449999568856, -8.059390000447351 ], [ 113.57411000007744, -8.059179999756381 ], [ 113.57384000111621, -8.058949999941721 ], [ 113.57370000005595, -8.058649999596977 ], [ 113.573630001324517, -8.05829999964449 ], [ 113.573660000010008, -8.0580899998528 ], [ 113.573870000701078, -8.057999999299746 ], [ 113.574090000054554, -8.057960000153084 ], [ 113.574349998554709, -8.057940000130113 ], [ 113.574680000282797, -8.057909998746691 ], [ 113.574820001343042, -8.057840000015169 ], [ 113.574910000097447, -8.057790000407426 ], [ 113.57503000113465, -8.057719999877254 ], [ 113.575139999912111, -8.05765999980834 ], [ 113.575300000096064, -8.057570000154566 ], [ 113.575390000649023, -8.057490000062682 ], [ 113.575589999979542, -8.057394999278998 ], [ 113.575770000186367, -8.057289999832882 ], [ 113.575890000324279, -8.057169999694878 ], [ 113.576000000001031, -8.056929999419136 ], [ 113.57597999997806, -8.056809999281221 ], [ 113.575950000393291, -8.05594999829302 ], [ 113.576240000276769, -8.055669998870528 ], [ 113.57636000041478, -8.055540000070181 ], [ 113.576369999976578, -8.055429998594786 ], [ 113.576300000345782, -8.055279999771379 ], [ 113.576120000138943, -8.055090000002661 ], [ 113.575870000301308, -8.054879999311691 ], [ 113.575639999587366, -8.054720000027203 ], [ 113.575489999864686, -8.054549999382175 ], [ 113.575520000348746, -8.054410000120569 ], [ 113.575619999564395, -8.054260000397882 ], [ 113.575770000186367, -8.054260000397882 ], [ 113.575970000416163, -8.054229999913829 ], [ 113.576259999400463, -8.054100001113305 ], [ 113.576480000552692, -8.053899999984225 ], [ 113.576510000137461, -8.05378999940811 ], [ 113.576430000045576, -8.052989999388192 ], [ 113.576340000391724, -8.052519999297701 ], [ 113.576409999123243, -8.051740001099315 ], [ 113.576460001428913, -8.05121999870315 ], [ 113.576550000183403, -8.050649999397173 ], [ 113.576690000344385, -8.050199999329742 ], [ 113.576850001427516, -8.049829999354195 ], [ 113.577020000273805, -8.049589999977734 ], [ 113.57735000020341, -8.04909999986436 ], [ 113.577600000041045, -8.048680000280982 ], [ 113.5777000001559, -8.048289999383183 ], [ 113.577740000201842, -8.048139999660496 ], [ 113.577800000270841, -8.047849998877552 ], [ 113.577900000385696, -8.047650000446403 ], [ 113.578110000177389, -8.047419999732462 ], [ 113.57836000001511, -8.047089999802857 ], [ 113.578835000336056, -8.045799999669477 ], [ 113.578959998905944, -8.045239999925212 ], [ 113.578990000289281, -8.044620000112122 ], [ 113.579070000381336, -8.044299998845037 ], [ 113.579240000126916, -8.04394999889255 ], [ 113.579529999111202, -8.043439998756117 ], [ 113.579650081986756, -8.043016181550698 ], [ 113.579700000655521, -8.042839999865279 ], [ 113.579673860061646, -8.042639588645304 ], [ 113.579110000427278, -8.042419999382709 ], [ 113.578940000681541, -8.042329999728935 ], [ 113.578840000566601, -8.042269998760652 ], [ 113.578450000568068, -8.042389999797848 ], [ 113.578219999854127, -8.042399999359738 ], [ 113.577660000109958, -8.04222000005219 ], [ 113.577580000018074, -8.042079999891214 ], [ 113.577410000272408, -8.041870000099614 ], [ 113.577160000434702, -8.041549998832618 ], [ 113.577000000250933, -8.041090000102578 ], [ 113.577010000712008, -8.040759999273781 ], [ 113.576990000689037, -8.040439999805347 ], [ 113.576369999077201, -8.039530000108684 ], [ 113.575979999078783, -8.039229999763851 ], [ 113.575700000555656, -8.039030000433332 ], [ 113.575450000717936, -8.038739999650478 ], [ 113.575153100336323, -8.037789862311538 ], [ 113.574850000028533, -8.037069999979749 ], [ 113.574689999844594, -8.036820000142118 ], [ 113.574170000146438, -8.036129999798856 ], [ 113.573570000356327, -8.035449999916764 ], [ 113.573399999711214, -8.035059999918246 ], [ 113.573290000034461, -8.034850000126557 ], [ 113.572920000058915, -8.033719999277753 ], [ 113.57290999959784, -8.033539999970206 ], [ 113.573009999712781, -8.033259998749152 ], [ 113.573129999850693, -8.033109999925745 ], [ 113.573299999596358, -8.032920000157116 ], [ 113.573351433622904, -8.032811418711237 ], [ 113.573390000149402, -8.032730000388398 ], [ 113.573440000656518, -8.032380000435822 ], [ 113.573404999941928, -8.031959999953251 ], [ 113.573329999181126, -8.03171000011562 ], [ 113.573160000334838, -8.031469999839789 ], [ 113.573070000680971, -8.031300000094131 ], [ 113.572850001327566, -8.030649999796811 ], [ 113.57283999996703, -8.030540000120066 ], [ 113.572799999921088, -8.030079998692184 ], [ 113.572710000267321, -8.029499999824317 ], [ 113.572650001097685, -8.029429999294234 ], [ 113.572619999714263, -8.029240000424885 ], [ 113.572650001097685, -8.02914000030994 ], [ 113.572839999067838, -8.028880000011227 ], [ 113.573000000150984, -8.028689999343229 ], [ 113.573000000150984, -8.02847999865217 ], [ 113.572940000081985, -8.028279999321651 ], [ 113.572809998583608, -8.027699999554592 ], [ 113.572799999921088, -8.027360000063098 ], [ 113.572869999551898, -8.026999999649441 ], [ 113.573169999896635, -8.026339999790409 ], [ 113.573460000679574, -8.025730000438401 ], [ 113.573619999964066, -8.025529999309231 ], [ 113.573730001439458, -8.025529999309231 ], [ 113.574469999591912, -8.025559998894003 ], [ 113.574580000167842, -8.025450000116628 ], [ 113.574839999567459, -8.02463000007365 ], [ 113.575190000419227, -8.023999999799301 ], [ 113.575229999565892, -8.023890000122645 ], [ 113.575420001133253, -8.023539999270699 ], [ 113.575580000417744, -8.023440000055125 ], [ 113.575660001408991, -8.023489999662957 ], [ 113.576009999562828, -8.023709999915727 ], [ 113.57641000002252, -8.02375500109158 ], [ 113.576719999929068, -8.023639999385644 ], [ 113.576770000436269, -8.023489999662957 ], [ 113.576750000413199, -8.02333999994018 ], [ 113.576639999837184, -8.02270999876664 ], [ 113.576710000367257, -8.022409999321177 ], [ 113.576929999720761, -8.022330000128573 ], [ 113.577060000319747, -8.022389999298206 ], [ 113.57726000144892, -8.022629999574036 ], [ 113.57745000031835, -8.022779999296723 ], [ 113.577660000109958, -8.022860000287977 ], [ 113.577770000686073, -8.022809999780865 ], [ 113.578440000106994, -8.022419998883066 ], [ 113.57864000033679, -8.022359998814064 ], [ 113.578999998951886, -8.022160000382915 ], [ 113.579090000404221, -8.02205999936869 ], [ 113.579160000035031, -8.021840000015199 ], [ 113.579199999181697, -8.021479999601542 ], [ 113.579280000172943, -8.020719999627477 ], [ 113.579370000726087, -8.020209998591763 ], [ 113.579520000448682, -8.019819998593245 ], [ 113.579810000332259, -8.019450000416349 ], [ 113.58012000113817, -8.019269999310239 ], [ 113.580770001435411, -8.01906999997972 ], [ 113.581409998573534, -8.018900001133343 ], [ 113.581670000670982, -8.018679999981202 ], [ 113.581690000694039, -8.018330000028715 ], [ 113.58174999986359, -8.017520000446819 ], [ 113.581870000001601, -8.017200000079104 ], [ 113.58221000039228, -8.016700000403929 ], [ 113.582979999928057, -8.016269998560819 ], [ 113.583230000665054, -8.016119999737413 ], [ 113.583409999972517, -8.015809999830779 ], [ 113.583665000040781, -8.015385000016948 ], [ 113.583840000017062, -8.015069999879774 ], [ 113.584200000430812, -8.014459999628485 ], [ 113.584290000084493, -8.014430000043625 ], [ 113.584749999713722, -8.014369999974711 ], [ 113.585019999574328, -8.014169999744823 ], [ 113.585190000219455, -8.013999999999253 ], [ 113.585534999941387, -8.01347500007039 ], [ 113.585569998857423, -8.013340000140133 ], [ 113.585530000610134, -8.012939999680444 ], [ 113.585560000194988, -8.012500000074095 ], [ 113.585610000702019, -8.012299999844295 ], [ 113.585880000562625, -8.011740000100119 ], [ 113.586079999893144, -8.011740000100119 ], [ 113.58636999887743, -8.011799999269751 ], [ 113.586660000559661, -8.011799999269751 ], [ 113.586750000213428, -8.011729998739668 ], [ 113.586849999429006, -8.011650000446345 ], [ 113.587149998874466, -8.011429999294293 ], [ 113.587229999865627, -8.011220000401885 ], [ 113.587240000326801, -8.010859999988227 ], [ 113.587280000372743, -8.010610000150596 ], [ 113.587269999012292, -8.010449999966738 ], [ 113.587240000326801, -8.009989999438137 ], [ 113.587140000211861, -8.009779999646447 ], [ 113.587120000188889, -8.00962999992376 ], [ 113.587145000442405, -8.009334999809557 ], [ 113.58737000002661, -8.009179999856329 ], [ 113.587559998895955, -8.009109999326157 ], [ 113.587740000002071, -8.009070001078864 ], [ 113.587970000716012, -8.009039999695442 ], [ 113.588270000161387, -8.008950000041668 ], [ 113.588330000230386, -8.008719999327727 ], [ 113.588310000207329, -8.008510000435408 ], [ 113.588330000230386, -8.008319999767409 ], [ 113.588310000207329, -8.00812999999869 ], [ 113.588319998869935, -8.007969998915552 ], [ 113.588340000691559, -8.007719999977201 ], [ 113.588390001198576, -8.007370000024626 ], [ 113.58841999898479, -8.007139999310684 ], [ 113.588490000414239, -8.006919999957194 ], [ 113.588499999976051, -8.006699998805143 ], [ 113.588499999976051, -8.006260000098074 ], [ 113.588419999884167, -8.005790000007671 ], [ 113.588290000184443, -8.005529999708958 ], [ 113.588200001429954, -8.005469999639956 ], [ 113.587749999563954, -8.005229999364214 ], [ 113.587749999563954, -8.005110000125669 ], [ 113.587829999655838, -8.005050000056666 ], [ 113.588000000300781, -8.005010000010724 ], [ 113.588270000161387, -8.004960000402892 ], [ 113.588430000345241, -8.004849999826867 ], [ 113.588560000045049, -8.004539999920233 ], [ 113.588549999583876, -8.004439999805378 ], [ 113.587909998848446, -8.004059999368661 ], [ 113.587699999956044, -8.003900000084084 ], [ 113.587579998918841, -8.003679999831313 ], [ 113.587630000325319, -8.003420000431881 ], [ 113.587840000117012, -8.003094999833625 ], [ 113.587800000070985, -8.002949999442109 ], [ 113.587699999956044, -8.002839999765364 ], [ 113.587520000648482, -8.002599998590252 ], [ 113.587510000187407, -8.002459999328735 ], [ 113.587559998895955, -8.002269998660736 ], [ 113.587630001224596, -8.002130000298411 ], [ 113.587730000440274, -8.001919998708161 ], [ 113.587800000070985, -8.001779999446644 ], [ 113.587890000624043, -8.001600000139096 ], [ 113.588020001223214, -8.001299999794352 ], [ 113.588060000369779, -8.001170000094636 ], [ 113.588689998845481, -8.00082000014206 ], [ 113.589259999950016, -8.000449999267232 ], [ 113.58960000034088, -8.000000000998451 ], [ 113.58971999957943, -7.999689999293257 ], [ 113.589879998863921, -7.999420000331935 ], [ 113.590139999162716, -7.999200000079164 ], [ 113.590389999899713, -7.999049998557738 ], [ 113.59075999987509, -7.998969999365134 ], [ 113.591090000704071, -7.998959999803334 ], [ 113.591510001186634, -7.999049998557738 ], [ 113.591610000402298, -7.999070000379359 ], [ 113.591849998879383, -7.999119999987191 ], [ 113.592259998900886, -7.999149999572052 ], [ 113.592570000606074, -7.99911000042539 ], [ 113.59285999959036, -7.998999999849365 ], [ 113.593170000396285, -7.998770000034615 ], [ 113.593500001225166, -7.998440000105099 ], [ 113.593740000601628, -7.997999999599469 ], [ 113.593879999863148, -7.997799999369669 ], [ 113.59393000037025, -7.997580000016179 ], [ 113.594029999585828, -7.997349999302238 ], [ 113.594119999239609, -7.997239999625493 ], [ 113.594369999976607, -7.997039999395693 ], [ 113.594579998868838, -7.996920000157147 ], [ 113.594890000574125, -7.996770000434371 ], [ 113.595030000735008, -7.996639999835375 ], [ 113.595160000434731, -7.996530000158629 ], [ 113.595280000572643, -7.996399998660174 ], [ 113.595320000618585, -7.996279999421628 ], [ 113.595230000065527, -7.995710000115563 ], [ 113.595539999972075, -7.995379999286766 ], [ 113.595650001447467, -7.99524999868768 ], [ 113.595690000594132, -7.995079999841303 ], [ 113.595769998887363, -7.994679999381703 ], [ 113.59586999990168, -7.994520000097126 ], [ 113.596010000062478, -7.99439000039741 ], [ 113.596159998885881, -7.994310000305437 ], [ 113.596339999092706, -7.994259999798413 ], [ 113.596660001259167, -7.993899999384667 ], [ 113.596980000727513, -7.993559999893262 ], [ 113.597059999920106, -7.993489999363178 ], [ 113.597449999918538, -7.993229999963746 ], [ 113.598180001207197, -7.992980001025484 ], [ 113.598810000582176, -7.992739999850284 ], [ 113.599180000557638, -7.992499998675172 ], [ 113.599690000694068, -7.991969999415137 ], [ 113.600230000415195, -7.991150000271529 ], [ 113.600690000044509, -7.990369999375123 ], [ 113.60114000011194, -7.989719999977262 ], [ 113.60155999969524, -7.989269999909742 ], [ 113.602120000338772, -7.988889998573744 ], [ 113.602820000243923, -7.988449999866853 ], [ 113.603379999988107, -7.987999999799333 ], [ 113.603819999594364, -7.987449999617046 ], [ 113.60398999934003, -7.986809999780896 ], [ 113.604149998624607, -7.986109999875834 ], [ 113.60432300030736, -7.985614425764308 ], [ 113.604247915010362, -7.986200393432651 ], [ 113.60425553136875, -7.986765908718895 ], [ 113.604507291179615, -7.987422533422394 ], [ 113.605033730023678, -7.988290850441659 ], [ 113.605621199559806, -7.989082854589257 ], [ 113.606407017271067, -7.989750916870485 ], [ 113.60688766083797, -7.989961667596067 ], [ 113.607253888157558, -7.989990295714787 ], [ 113.607772688160154, -7.989955961397709 ], [ 113.608238074728462, -7.989846306161263 ], [ 113.608589018069779, -7.989645540608458 ], [ 113.608924729593696, -7.989368031408749 ], [ 113.609306188730685, -7.989059497397077 ], [ 113.609641875073493, -7.988904528920004 ], [ 113.609901276423756, -7.988872103863675 ], [ 113.610275119202456, -7.98893076394278 ], [ 113.610549774853297, -7.989112426996091 ], [ 113.611106731291684, -7.989323175923023 ], [ 113.611579733319104, -7.989442405341983 ], [ 113.612029888069998, -7.989424271412159 ], [ 113.612396090208478, -7.989162017412398 ], [ 113.612838577339502, -7.988807252851648 ], [ 113.613189544962552, -7.988575490365823 ], [ 113.613509975206313, -7.988512550413106 ], [ 113.613784633554999, -7.988571694327406 ], [ 113.613960105675304, -7.988693292560577 ], [ 113.614005900952648, -7.988815353045319 ], [ 113.61394487205925, -7.988984151296695 ], [ 113.613715962222912, -7.989413800605626 ], [ 113.61345656357058, -7.989965969053391 ], [ 113.613326889425466, -7.990517652766681 ], [ 113.613296373629709, -7.991068394889699 ], [ 113.613441305672694, -7.991618191825322 ], [ 113.613685449125271, -7.992090736997114 ], [ 113.613976783602794, -7.99235185964977 ], [ 113.614059290105132, -7.992425021296911 ], [ 113.61437972124817, -7.992621940449362 ], [ 113.614723073412208, -7.992711115424854 ], [ 113.614906160092247, -7.992649143142615 ], [ 113.614951932886513, -7.992434547815329 ], [ 113.614944317427316, -7.991899547425384 ], [ 113.614944315628662, -7.991379296816302 ], [ 113.614875646095228, -7.990829039427848 ], [ 113.614890879711453, -7.990385098992324 ], [ 113.615058734573921, -7.989986472696708 ], [ 113.61551650388455, -7.989616449338887 ], [ 113.615974274993832, -7.989337971569332 ], [ 113.616691421373005, -7.989012294680852 ], [ 113.617660374327855, -7.988669449734553 ], [ 113.618575892264602, -7.98828131762792 ], [ 113.619239648591929, -7.987925562014241 ], [ 113.619575359216469, -7.987587020323915 ], [ 113.619689778161813, -7.987081592340805 ], [ 113.61955246157784, -7.98654705240378 ], [ 113.619117589006549, -7.985999163829537 ], [ 113.618606406261705, -7.985344475366451 ], [ 113.618339388552968, -7.984872389748209 ], [ 113.618339390351622, -7.984535735734831 ], [ 113.618476731217228, -7.984029823916438 ], [ 113.618820057300795, -7.983492404350167 ], [ 113.619499048143638, -7.98310569856837 ], [ 113.620384049385436, -7.982870622980042 ], [ 113.621429290030761, -7.98277238103977 ], [ 113.622291393634015, -7.982614098561002 ], [ 113.622886505608832, -7.98238045109616 ], [ 113.623313734841986, -7.982087174982365 ], [ 113.623618933268148, -7.981947464403171 ], [ 113.624145372112224, -7.981898356023497 ], [ 113.624557346145693, -7.981864987578335 ], [ 113.624999859357104, -7.981727646712721 ], [ 113.625167714219728, -7.98176580134986 ], [ 113.625503377180181, -7.98209384795192 ], [ 113.6259611473901, -7.982255972334461 ], [ 113.62668593440938, -7.982129125657832 ], [ 113.626983491296158, -7.981812999569414 ], [ 113.62712844941953, -7.981478738652069 ], [ 113.627158963416463, -7.980738696432831 ], [ 113.627120831262488, -7.979850815561872 ], [ 113.62705977718808, -7.979092637614337 ], [ 113.626960590959598, -7.978130864846688 ], [ 113.626914819064709, -7.977150498595841 ], [ 113.627006364653056, -7.976632159046159 ], [ 113.627372590173991, -7.976167255413679 ], [ 113.627685378878169, -7.975905944802752 ], [ 113.62820420226322, -7.975718067434067 ], [ 113.62874587742138, -7.975640330036392 ], [ 113.629150233297622, -7.975563559409914 ], [ 113.629951333188501, -7.97555879570102 ], [ 113.631049961187827, -7.975625555973797 ], [ 113.631736592670691, -7.975677057449414 ], [ 113.632087536012023, -7.975637475588159 ], [ 113.632568205659211, -7.975542109679833 ], [ 113.633087003863253, -7.975409072969474 ], [ 113.633720247992031, -7.975331334672519 ], [ 113.634200890659571, -7.975383805617352 ], [ 113.635078277341719, -7.975451991315507 ], [ 113.636138748905168, -7.975593612054731 ], [ 113.637138195172611, -7.975642236599122 ], [ 113.638030861336262, -7.975673719165987 ], [ 113.638702234021963, -7.975614114798767 ], [ 113.639533847010483, -7.975442437817425 ], [ 113.640312023182346, -7.97519686983894 ], [ 113.641166532910205, -7.974839734665239 ], [ 113.641959991261587, -7.974446330732786 ], [ 113.642814479405743, -7.973866959591679 ], [ 113.643234094079233, -7.973457379553616 ], [ 113.643560734141616, -7.973121198583709 ], [ 113.643936005043699, -7.973214175892672 ], [ 113.644988836866304, -7.973437837285545 ], [ 113.646201934172922, -7.973584196552651 ], [ 113.647567604162631, -7.973805947785494 ], [ 113.648521274937963, -7.973928007370866 ], [ 113.649368146723646, -7.973974237919944 ], [ 113.65047439108136, -7.973941352410695 ], [ 113.65129836342976, -7.973756815124088 ], [ 113.652046048087755, -7.973546547334508 ], [ 113.652610619985083, -7.973286663947609 ], [ 113.652992104303266, -7.972925224618653 ], [ 113.653350664003057, -7.972384492849248 ], [ 113.653785536574347, -7.971792258704945 ], [ 113.654189919430351, -7.971379295417379 ], [ 113.654678179355557, -7.970940625009026 ], [ 113.655166487844212, -7.970552950657383 ], [ 113.655601336133856, -7.970319304091821 ], [ 113.656112494596968, -7.970085170993046 ], [ 113.656783893362984, -7.969850096304087 ], [ 113.65772994867929, -7.969638835662928 ], [ 113.658500506694011, -7.96948055678146 ], [ 113.659225317995038, -7.969450017603429 ], [ 113.659713579718982, -7.969446705400384 ], [ 113.660148475672713, -7.969469553576269 ], [ 113.660667275675323, -7.969594512575861 ], [ 113.6610563511707, -7.969617870667411 ], [ 113.661338649260315, -7.969564459031763 ], [ 113.661536993838226, -7.969358472015075 ], [ 113.661926117897067, -7.968971280599345 ], [ 113.662132106712406, -7.968790562733518 ], [ 113.662589876023048, -7.96860793290901 ], [ 113.662948460903763, -7.968528768287219 ], [ 113.663436721728431, -7.968576935076709 ], [ 113.663726637075712, -7.968729049105549 ], [ 113.664268335616313, -7.96913579987648 ], [ 113.664680309649597, -7.969363717760602 ], [ 113.665145718700984, -7.969386615399142 ], [ 113.665786579188335, -7.969356559157025 ], [ 113.666503748050587, -7.969172503007859 ], [ 113.667434522086566, -7.968961271144924 ], [ 113.668586564419471, -7.968697589021677 ], [ 113.669593650427743, -7.968434826904901 ], [ 113.670417646158512, -7.968327058446122 ], [ 113.670852494448155, -7.96827270342173 ], [ 113.671134793436948, -7.968296544449193 ], [ 113.671263377603822, -7.968395638946778 ], [ 113.671340802936811, -7.968679916444143 ], [ 113.671295007659552, -7.969090489333873 ] ], [ [ 113.629110000327245, -8.151704999285457 ], [ 113.629090000304359, -8.152049999906772 ], [ 113.629150000373187, -8.151699999954285 ], [ 113.629944746553875, -8.151508924596349 ], [ 113.629110000327245, -8.151704999285457 ] ] ] } }
]
}
